Perf.,Cost,Query,Type
32162,829685,25456,ONLINE/THETA-0.0
6792,85235,25686,ONLINE/THETA-0.0
11495,439084,25906,ONLINE/THETA-0.0
12391,380472,26209,ONLINE/THETA-0.0
12821,448248,27434,ONLINE/THETA-0.0
13653,467073,27479,ONLINE/THETA-0.0
4986,153281,27657,ONLINE/THETA-0.0
9114,188555,28943,ONLINE/THETA-0.0
19818,851812,29145,ONLINE/THETA-0.0
5572,126855,29345,ONLINE/THETA-0.0
7370,46789,29509,ONLINE/THETA-0.0
15386,664760,29583,ONLINE/THETA-0.0
32818,1825335,3046,ONLINE/THETA-0.0
178314,1416380,3053,ONLINE/THETA-0.0
3907,136893,3066,ONLINE/THETA-0.0
7096,435919,3100,ONLINE/THETA-0.0
95713,3801013,3158,ONLINE/THETA-0.0
27071,1106810,3177,ONLINE/THETA-0.0
29911,597961,3196,ONLINE/THETA-0.0
21881,314853,3201,ONLINE/THETA-0.0
8162,287831,3279,ONLINE/THETA-0.0
18961,1001067,3349,ONLINE/THETA-0.0
17128,695474,3383,ONLINE/THETA-0.0
8582,239795,3384,ONLINE/THETA-0.0
15105,517519,3387,ONLINE/THETA-0.0
17352,767936,3407,ONLINE/THETA-0.0
6058,146888,4667,ONLINE/THETA-0.0
660,0,5165,ONLINE/THETA-0.0
5469,187129,5222,ONLINE/THETA-0.0
1416,0,5520,ONLINE/THETA-0.0
17826,667024,7618,ONLINE/THETA-0.0
15249,682754,9055,ONLINE/THETA-0.0
12551,463056,9635,ONLINE/THETA-0.0
19566,429813,10053,ONLINE/THETA-0.0
22754,590774,10152,ONLINE/THETA-0.0
23117,653635,10182,ONLINE/THETA-0.0
26662,768840,10371,ONLINE/THETA-0.0
30693,917803,11037,ONLINE/THETA-0.0
27803,802296,11062,ONLINE/THETA-0.0
403,6669,11842,ONLINE/THETA-0.0
22575,575260,11896,ONLINE/THETA-0.0
26595,779704,12302,ONLINE/THETA-0.0
3307,51297,12363,ONLINE/THETA-0.0
22125,621545,13154,ONLINE/THETA-0.0
6917,225685,13206,ONLINE/THETA-0.0
11755,370353,13218,ONLINE/THETA-0.0
27379,846070,13768,ONLINE/THETA-0.0
22005,576594,14206,ONLINE/THETA-0.0
9510,358624,14658,ONLINE/THETA-0.0
21803,624265,14757,ONLINE/THETA-0.0
22592,598698,16000,ONLINE/THETA-0.0
17868,343556,20676,ONLINE/THETA-0.0
22750,1451264,22052,ONLINE/THETA-0.0
6150,206949,22740,ONLINE/THETA-0.0
19111,713633,22931,ONLINE/THETA-0.0
28549,694750,23239,ONLINE/THETA-0.0
3504,17322,25216,ONLINE/THETA-0.0
25254,949379,3,ONLINE/THETA-0.0
14863,336048,25,ONLINE/THETA-0.0
19399,654153,29,ONLINE/THETA-0.0
20398,995797,283,ONLINE/THETA-0.0
13047,773296,531,ONLINE/THETA-0.0
8007,150029,25,ONLINE/THETA-0.0
15259,465819,29,ONLINE/THETA-0.0
76816,992526,296,ONLINE/THETA-0.0
17033,912323,355,ONLINE/THETA-0.0
17314,432940,377,ONLINE/THETA-0.0
15360,706227,387,ONLINE/THETA-0.0
17392,815362,406,ONLINE/THETA-0.0
18847,447245,423,ONLINE/THETA-0.0
10119,291577,429,ONLINE/THETA-0.0
26340,1129183,523,ONLINE/THETA-0.0
9647,371095,557,ONLINE/THETA-0.0
14458,602253,657,ONLINE/THETA-0.0
30742,1339221,641,ONLINE/THETA-0.0
9525,493439,726,ONLINE/THETA-0.0
31950,561207,749,ONLINE/THETA-0.0
11073,520661,832,ONLINE/THETA-0.0
11783,257544,843,ONLINE/THETA-0.0
4502,119841,1065,ONLINE/THETA-0.0
14957,650500,1142,ONLINE/THETA-0.0
15742,711240,1204,ONLINE/THETA-0.0
18900,1007374,1223,ONLINE/THETA-0.0
10496,401073,1282,ONLINE/THETA-0.0
86538,3088394,1296,ONLINE/THETA-0.0
5877,169396,1501,ONLINE/THETA-0.0
6969,231345,1517,ONLINE/THETA-0.0
11165,629484,1645,ONLINE/THETA-0.0
8445,437374,1650,ONLINE/THETA-0.0
45273,855322,2026,ONLINE/THETA-0.0
29563,874942,2107,ONLINE/THETA-0.0
11083,458703,2057,ONLINE/THETA-0.0
40225,120592,2103,ONLINE/THETA-0.0
18693,566490,2112,ONLINE/THETA-0.0
37835,1145071,2179,ONLINE/THETA-0.0
41321,910406,3020,ONLINE/THETA-0.0
26147,1116180,3,ONLINE/THETA-0.0
13211,261186,25,ONLINE/THETA-0.0
46520,486748,29,ONLINE/THETA-0.0
21148,1057630,283,ONLINE/THETA-0.0
15912,845931,531,ONLINE/THETA-0.0
7305,146419,25,ONLINE/THETA-0.0
12462,437384,29,ONLINE/THETA-0.0
77445,869795,296,ONLINE/THETA-0.0
18919,1063825,355,ONLINE/THETA-0.0
17525,478159,377,ONLINE/THETA-0.0
15666,628187,387,ONLINE/THETA-0.0
18072,884073,406,ONLINE/THETA-0.0
18671,476491,423,ONLINE/THETA-0.0
9436,317485,429,ONLINE/THETA-0.0
25701,1099827,523,ONLINE/THETA-0.0
11536,507969,557,ONLINE/THETA-0.0
13713,493514,657,ONLINE/THETA-0.0
30916,1367144,641,ONLINE/THETA-0.0
10382,549964,726,ONLINE/THETA-0.0
35213,595913,749,ONLINE/THETA-0.0
14145,613178,832,ONLINE/THETA-0.0
12161,276843,843,ONLINE/THETA-0.0
4330,135226,1065,ONLINE/THETA-0.0
10349,434653,1142,ONLINE/THETA-0.0
16458,731502,1204,ONLINE/THETA-0.0
19124,1051223,1223,ONLINE/THETA-0.0
10130,415801,1282,ONLINE/THETA-0.0
85196,2962833,1296,ONLINE/THETA-0.0
5746,170614,1501,ONLINE/THETA-0.0
7001,239252,1517,ONLINE/THETA-0.0
12006,648146,1645,ONLINE/THETA-0.0
8562,448839,1650,ONLINE/THETA-0.0
21278,1004030,2026,ONLINE/THETA-0.0
27844,849657,2107,ONLINE/THETA-0.0
10520,473015,2057,ONLINE/THETA-0.0
3405,86030,2103,ONLINE/THETA-0.0
16666,513934,2112,ONLINE/THETA-0.0
34191,974671,2179,ONLINE/THETA-0.0
34650,767868,3020,ONLINE/THETA-0.0
31192,1747789,3046,ONLINE/THETA-0.0
176050,1319192,3053,ONLINE/THETA-0.0
5168,152006,3066,ONLINE/THETA-0.0
7826,267960,3100,ONLINE/THETA-0.0
95422,3737478,3158,ONLINE/THETA-0.0
26756,1058435,3177,ONLINE/THETA-0.0
27611,519538,3196,ONLINE/THETA-0.0
37254,246420,3201,ONLINE/THETA-0.0
9791,447058,3279,ONLINE/THETA-0.0
21476,1233364,3349,ONLINE/THETA-0.0
46063,648390,3383,ONLINE/THETA-0.0
9866,337017,3384,ONLINE/THETA-0.0
16565,519424,3387,ONLINE/THETA-0.0
20658,933107,3407,ONLINE/THETA-0.0
6384,180153,4667,ONLINE/THETA-0.0
951,0,5165,ONLINE/THETA-0.0
7389,252870,5222,ONLINE/THETA-0.0
1702,0,5520,ONLINE/THETA-0.0
19835,744013,7618,ONLINE/THETA-0.0
14632,580959,9055,ONLINE/THETA-0.0
11808,446313,9635,ONLINE/THETA-0.0
15925,321345,10053,ONLINE/THETA-0.0
22698,607599,10152,ONLINE/THETA-0.0
23963,684302,10182,ONLINE/THETA-0.0
26234,762590,10371,ONLINE/THETA-0.0
27958,841394,11037,ONLINE/THETA-0.0
23790,655011,11062,ONLINE/THETA-0.0
424,0,11842,ONLINE/THETA-0.0
22880,651436,11896,ONLINE/THETA-0.0
27470,812223,12302,ONLINE/THETA-0.0
3095,49758,12363,ONLINE/THETA-0.0
23275,631730,13154,ONLINE/THETA-0.0
6444,235538,13206,ONLINE/THETA-0.0
12554,413234,13218,ONLINE/THETA-0.0
26063,806356,13768,ONLINE/THETA-0.0
23181,623772,14206,ONLINE/THETA-0.0
10531,386218,14658,ONLINE/THETA-0.0
22575,646780,14757,ONLINE/THETA-0.0
21449,601281,16000,ONLINE/THETA-0.0
19088,382986,20676,ONLINE/THETA-0.0
21803,1421118,22052,ONLINE/THETA-0.0
7089,204400,22740,ONLINE/THETA-0.0
20299,775257,22931,ONLINE/THETA-0.0
28072,697703,23239,ONLINE/THETA-0.0
3742,18572,25216,ONLINE/THETA-0.0
30366,778225,25456,ONLINE/THETA-0.0
6597,63249,25686,ONLINE/THETA-0.0
12542,403633,25906,ONLINE/THETA-0.0
12667,429483,26209,ONLINE/THETA-0.0
13320,393254,27434,ONLINE/THETA-0.0
15172,348156,27479,ONLINE/THETA-0.0
5665,136540,27657,ONLINE/THETA-0.0
11578,180215,28943,ONLINE/THETA-0.0
17300,742298,29145,ONLINE/THETA-0.0
6061,144397,29345,ONLINE/THETA-0.0
6708,71220,29509,ONLINE/THETA-0.0
13955,559046,29583,ONLINE/THETA-0.0
33257,864019,25456,ONLINE/THETA-0.0
7471,60653,25686,ONLINE/THETA-0.0
11740,374760,25906,ONLINE/THETA-0.0
15219,528763,26209,ONLINE/THETA-0.0
14385,349896,27434,ONLINE/THETA-0.0
17270,403185,27479,ONLINE/THETA-0.0
6622,224732,27657,ONLINE/THETA-0.0
14374,372943,28943,ONLINE/THETA-0.0
25240,939203,29145,ONLINE/THETA-0.0
8788,139445,29345,ONLINE/THETA-0.0
7734,63026,29509,ONLINE/THETA-0.0
12855,525805,29583,ONLINE/THETA-0.0
30289,1725533,3046,ONLINE/THETA-0.0
177366,1338781,3053,ONLINE/THETA-0.0
4244,146491,3066,ONLINE/THETA-0.0
7611,225525,3100,ONLINE/THETA-0.0
95751,3788433,3158,ONLINE/THETA-0.0
27152,1062836,3177,ONLINE/THETA-0.0
27355,549405,3196,ONLINE/THETA-0.0
47283,281361,3201,ONLINE/THETA-0.0
9709,418484,3279,ONLINE/THETA-0.0
18631,1018517,3349,ONLINE/THETA-0.0
13512,586762,3383,ONLINE/THETA-0.0
7115,244633,3384,ONLINE/THETA-0.0
14991,526411,3387,ONLINE/THETA-0.0
17538,787389,3407,ONLINE/THETA-0.0
5965,155250,4667,ONLINE/THETA-0.0
660,1992,5165,ONLINE/THETA-0.0
5481,198593,5222,ONLINE/THETA-0.0
1473,220,5520,ONLINE/THETA-0.0
17947,708348,7618,ONLINE/THETA-0.0
14861,638812,9055,ONLINE/THETA-0.0
12086,444481,9635,ONLINE/THETA-0.0
15297,279759,10053,ONLINE/THETA-0.0
22484,616749,10152,ONLINE/THETA-0.0
22973,651191,10182,ONLINE/THETA-0.0
26533,769245,10371,ONLINE/THETA-0.0
27325,806096,11037,ONLINE/THETA-0.0
24553,677600,11062,ONLINE/THETA-0.0
421,3513,11842,ONLINE/THETA-0.0
23014,575028,11896,ONLINE/THETA-0.0
27102,784613,12302,ONLINE/THETA-0.0
3157,38860,12363,ONLINE/THETA-0.0
23261,608087,13154,ONLINE/THETA-0.0
6752,238485,13206,ONLINE/THETA-0.0
12608,371005,13218,ONLINE/THETA-0.0
26999,830397,13768,ONLINE/THETA-0.0
22321,620231,14206,ONLINE/THETA-0.0
9637,377860,14658,ONLINE/THETA-0.0
21847,626265,14757,ONLINE/THETA-0.0
21032,610704,16000,ONLINE/THETA-0.0
19171,363847,20676,ONLINE/THETA-0.0
21281,1335567,22052,ONLINE/THETA-0.0
6316,229182,22740,ONLINE/THETA-0.0
18534,649820,22931,ONLINE/THETA-0.0
28526,690114,23239,ONLINE/THETA-0.0
24456,22452,25216,ONLINE/THETA-0.0
28408,1200528,3,ONLINE/THETA-0.0
13026,292317,25,ONLINE/THETA-0.0
18009,623681,29,ONLINE/THETA-0.0
17190,903205,283,ONLINE/THETA-0.0
15454,778964,531,ONLINE/THETA-0.0
7355,122123,25,ONLINE/THETA-0.0
12288,384205,29,ONLINE/THETA-0.0
79637,1123922,296,ONLINE/THETA-0.0
17641,862032,355,ONLINE/THETA-0.0
17091,481327,377,ONLINE/THETA-0.0
14800,643652,387,ONLINE/THETA-0.0
15506,796923,406,ONLINE/THETA-0.0
18645,455881,423,ONLINE/THETA-0.0
9083,275152,429,ONLINE/THETA-0.0
25433,1118644,523,ONLINE/THETA-0.0
10203,488093,557,ONLINE/THETA-0.0
16691,601616,657,ONLINE/THETA-0.0
32016,1375023,641,ONLINE/THETA-0.0
13690,684955,726,ONLINE/THETA-0.0
33424,543219,749,ONLINE/THETA-0.0
13996,768250,832,ONLINE/THETA-0.0
13351,269251,843,ONLINE/THETA-0.0
4947,145040,1065,ONLINE/THETA-0.0
11252,361283,1142,ONLINE/THETA-0.0
15595,665862,1204,ONLINE/THETA-0.0
140314,6009656,1223,ONLINE/THETA-0.0
16123,866340,1282,ONLINE/THETA-0.0
85199,2891155,1296,ONLINE/THETA-0.0
5768,191357,1501,ONLINE/THETA-0.0
7110,232128,1517,ONLINE/THETA-0.0
11150,622427,1645,ONLINE/THETA-0.0
8409,511668,1650,ONLINE/THETA-0.0
22920,869358,2026,ONLINE/THETA-0.0
27396,838486,2107,ONLINE/THETA-0.0
10566,478582,2057,ONLINE/THETA-0.0
4255,81973,2103,ONLINE/THETA-0.0
16643,527804,2112,ONLINE/THETA-0.0
33791,1022042,2179,ONLINE/THETA-0.0
35598,796408,3020,ONLINE/THETA-0.0
28167,1116197,3,ONLINE/THETA-0.0
13601,271498,25,ONLINE/THETA-0.0
18830,626035,29,ONLINE/THETA-0.0
19948,1068868,283,ONLINE/THETA-0.0
14456,791406,531,ONLINE/THETA-0.0
7361,140536,25,ONLINE/THETA-0.0
13171,414523,29,ONLINE/THETA-0.0
79057,1007505,296,ONLINE/THETA-0.0
17739,1025088,355,ONLINE/THETA-0.0
16990,448351,377,ONLINE/THETA-0.0
14097,621578,387,ONLINE/THETA-0.0
18951,819187,406,ONLINE/THETA-0.0
19928,467974,423,ONLINE/THETA-0.0
11173,296684,429,ONLINE/THETA-0.0
27209,1176233,523,ONLINE/THETA-0.0
9148,454070,557,ONLINE/THETA-0.0
139131,3903176,657,ONLINE/THETA-0.0
32915,1460865,641,ONLINE/THETA-0.0
10309,521337,726,ONLINE/THETA-0.0
30491,563255,749,ONLINE/THETA-0.0
14596,762395,832,ONLINE/THETA-0.0
12487,257697,843,ONLINE/THETA-0.0
4548,123211,1065,ONLINE/THETA-0.0
11716,509323,1142,ONLINE/THETA-0.0
15548,683590,1204,ONLINE/THETA-0.0
23213,1467983,1223,ONLINE/THETA-0.0
9913,421117,1282,ONLINE/THETA-0.0
86475,3012903,1296,ONLINE/THETA-0.0
5985,165829,1501,ONLINE/THETA-0.0
7168,231621,1517,ONLINE/THETA-0.0
14122,693851,1645,ONLINE/THETA-0.0
8590,524038,1650,ONLINE/THETA-0.0
20539,888277,2026,ONLINE/THETA-0.0
27965,816241,2107,ONLINE/THETA-0.0
14697,662935,2057,ONLINE/THETA-0.0
3505,92626,2103,ONLINE/THETA-0.0
16848,505960,2112,ONLINE/THETA-0.0
35297,972924,2179,ONLINE/THETA-0.0
38551,912285,3020,ONLINE/THETA-0.0
15068,1243726,3046,ONLINE/THETA-0.0
170107,1007141,3053,ONLINE/THETA-0.0
2279,25799,3066,ONLINE/THETA-0.0
5861,283289,3100,ONLINE/THETA-0.0
91622,3870094,3158,ONLINE/THETA-0.0
23364,974859,3177,ONLINE/THETA-0.0
27510,579551,3196,ONLINE/THETA-0.0
8379,232339,3201,ONLINE/THETA-0.0
8401,346029,3279,ONLINE/THETA-0.0
18307,911925,3349,ONLINE/THETA-0.0
11371,571460,3383,ONLINE/THETA-0.0
6094,196208,3384,ONLINE/THETA-0.0
14326,454659,3387,ONLINE/THETA-0.0
15268,726916,3407,ONLINE/THETA-0.0
4715,108127,4667,ONLINE/THETA-0.0
586,0,5165,ONLINE/THETA-0.0
5582,190991,5222,ONLINE/THETA-0.0
1334,261,5520,ONLINE/THETA-0.0
17171,655537,7618,ONLINE/THETA-0.0
13625,582662,9055,ONLINE/THETA-0.0
11925,430165,9635,ONLINE/THETA-0.0
14474,288554,10053,ONLINE/THETA-0.0
22098,595299,10152,ONLINE/THETA-0.0
26269,775805,10182,ONLINE/THETA-0.0
25457,738436,10371,ONLINE/THETA-0.0
27135,781554,11037,ONLINE/THETA-0.0
23818,669703,11062,ONLINE/THETA-0.0
364,6430,11842,ONLINE/THETA-0.0
22266,603563,11896,ONLINE/THETA-0.0
26763,784912,12302,ONLINE/THETA-0.0
3436,47419,12363,ONLINE/THETA-0.0
22114,614525,13154,ONLINE/THETA-0.0
6026,194508,13206,ONLINE/THETA-0.0
10969,335841,13218,ONLINE/THETA-0.0
26864,800988,13768,ONLINE/THETA-0.0
22916,591693,14206,ONLINE/THETA-0.0
9292,345865,14658,ONLINE/THETA-0.0
22013,657376,14757,ONLINE/THETA-0.0
21122,607848,16000,ONLINE/THETA-0.0
17398,337092,20676,ONLINE/THETA-0.0
20960,1244796,22052,ONLINE/THETA-0.0
7345,248866,22740,ONLINE/THETA-0.0
17187,590185,22931,ONLINE/THETA-0.0
27996,724158,23239,ONLINE/THETA-0.0
3481,18236,25216,ONLINE/THETA-0.0
12017,420367,25456,ONLINE/THETA-0.0
3386,38726,25686,ONLINE/THETA-0.0
5439,193574,25906,ONLINE/THETA-0.0
7610,266445,26209,ONLINE/THETA-0.0
6549,210238,27434,ONLINE/THETA-0.0
10560,308758,27479,ONLINE/THETA-0.0
4729,158586,27657,ONLINE/THETA-0.0
7589,118282,28943,ONLINE/THETA-0.0
13197,645086,29145,ONLINE/THETA-0.0
4316,89899,29345,ONLINE/THETA-0.0
5492,19792,29509,ONLINE/THETA-0.0
8367,313665,29583,ONLINE/THETA-0.0
26217,1149045,3,ONLINE/THETA-0.0
14828,353661,25,ONLINE/THETA-0.0
17708,596683,29,ONLINE/THETA-0.0
17680,937063,283,ONLINE/THETA-0.0
12788,697569,531,ONLINE/THETA-0.0
7765,100214,25,ONLINE/THETA-0.0
12815,329045,29,ONLINE/THETA-0.0
105779,949331,296,ONLINE/THETA-0.0
22012,993336,355,ONLINE/THETA-0.0
18820,528574,377,ONLINE/THETA-0.0
18400,767915,387,ONLINE/THETA-0.0
18652,976737,406,ONLINE/THETA-0.0
19571,471972,423,ONLINE/THETA-0.0
9685,313284,429,ONLINE/THETA-0.0
27808,1156476,523,ONLINE/THETA-0.0
9700,431596,557,ONLINE/THETA-0.0
16751,582444,657,ONLINE/THETA-0.0
31656,1371630,641,ONLINE/THETA-0.0
9731,534458,726,ONLINE/THETA-0.0
29419,486176,749,ONLINE/THETA-0.0
13829,739197,832,ONLINE/THETA-0.0
11761,281087,843,ONLINE/THETA-0.0
4875,109190,1065,ONLINE/THETA-0.0
10847,484163,1142,ONLINE/THETA-0.0
15786,695468,1204,ONLINE/THETA-0.0
17227,960062,1223,ONLINE/THETA-0.0
10837,457855,1282,ONLINE/THETA-0.0
86217,2931942,1296,ONLINE/THETA-0.0
5851,196304,1501,ONLINE/THETA-0.0
7548,266102,1517,ONLINE/THETA-0.0
15756,736293,1645,ONLINE/THETA-0.0
8846,574976,1650,ONLINE/THETA-0.0
21432,842933,2026,ONLINE/THETA-0.0
28643,839926,2107,ONLINE/THETA-0.0
11222,496587,2057,ONLINE/THETA-0.0
3054,67625,2103,ONLINE/THETA-0.0
16213,465133,2112,ONLINE/THETA-0.0
35473,951132,2179,ONLINE/THETA-0.0
35516,813731,3020,ONLINE/THETA-0.0
17379,1128709,3046,ONLINE/THETA-0.0
171099,1087362,3053,ONLINE/THETA-0.0
2727,13835,3066,ONLINE/THETA-0.0
7251,267987,3100,ONLINE/THETA-0.0
92999,4063850,3158,ONLINE/THETA-0.0
27522,1132004,3177,ONLINE/THETA-0.0
27907,521671,3196,ONLINE/THETA-0.0
9070,259910,3201,ONLINE/THETA-0.0
7822,330800,3279,ONLINE/THETA-0.0
16447,904666,3349,ONLINE/THETA-0.0
23494,601691,3383,ONLINE/THETA-0.0
6761,199101,3384,ONLINE/THETA-0.0
16477,539441,3387,ONLINE/THETA-0.0
15683,687514,3407,ONLINE/THETA-0.0
5043,118475,4667,ONLINE/THETA-0.0
608,993,5165,ONLINE/THETA-0.0
5006,189566,5222,ONLINE/THETA-0.0
1649,1477,5520,ONLINE/THETA-0.0
21725,804742,7618,ONLINE/THETA-0.0
14059,678049,9055,ONLINE/THETA-0.0
10766,429613,9635,ONLINE/THETA-0.0
15413,293455,10053,ONLINE/THETA-0.0
22052,594461,10152,ONLINE/THETA-0.0
22867,648515,10182,ONLINE/THETA-0.0
25798,760447,10371,ONLINE/THETA-0.0
27325,807579,11037,ONLINE/THETA-0.0
27546,813352,11062,ONLINE/THETA-0.0
380,4746,11842,ONLINE/THETA-0.0
22283,601132,11896,ONLINE/THETA-0.0
26531,783288,12302,ONLINE/THETA-0.0
3785,39203,12363,ONLINE/THETA-0.0
22372,597362,13154,ONLINE/THETA-0.0
6363,242480,13206,ONLINE/THETA-0.0
11831,369992,13218,ONLINE/THETA-0.0
26412,850558,13768,ONLINE/THETA-0.0
22280,582579,14206,ONLINE/THETA-0.0
9461,339487,14658,ONLINE/THETA-0.0
21682,639587,14757,ONLINE/THETA-0.0
22009,633314,16000,ONLINE/THETA-0.0
19881,385957,20676,ONLINE/THETA-0.0
20581,1288268,22052,ONLINE/THETA-0.0
5529,234711,22740,ONLINE/THETA-0.0
16986,570846,22931,ONLINE/THETA-0.0
27217,701034,23239,ONLINE/THETA-0.0
3799,23176,25216,ONLINE/THETA-0.0
11640,433786,25456,ONLINE/THETA-0.0
3763,36701,25686,ONLINE/THETA-0.0
5499,195806,25906,ONLINE/THETA-0.0
7013,258635,26209,ONLINE/THETA-0.0
6432,213089,27434,ONLINE/THETA-0.0
11804,388119,27479,ONLINE/THETA-0.0
5555,207893,27657,ONLINE/THETA-0.0
8196,162113,28943,ONLINE/THETA-0.0
13095,711894,29145,ONLINE/THETA-0.0
4240,97086,29345,ONLINE/THETA-0.0
5142,26676,29509,ONLINE/THETA-0.0
9292,360144,29583,ONLINE/THETA-0.0
31071,1628182,3046,ONLINE/THETA-0.25
179140,1269285,3053,ONLINE/THETA-0.25
4255,113952,3066,ONLINE/THETA-0.25
6879,130970,3100,ONLINE/THETA-0.25
94208,3736952,3158,ONLINE/THETA-0.25
26355,1030737,3177,ONLINE/THETA-0.25
28258,608262,3196,ONLINE/THETA-0.25
10660,245667,3201,ONLINE/THETA-0.25
12843,343982,3279,ONLINE/THETA-0.25
20299,970876,3349,ONLINE/THETA-0.25
12479,496897,3383,ONLINE/THETA-0.25
7940,183813,3384,ONLINE/THETA-0.25
16529,542164,3387,ONLINE/THETA-0.25
16031,600726,3407,ONLINE/THETA-0.25
5471,120936,4667,ONLINE/THETA-0.25
660,0,5165,ONLINE/THETA-0.25
5390,164978,5222,ONLINE/THETA-0.25
1436,0,5520,ONLINE/THETA-0.25
18350,649712,7618,ONLINE/THETA-0.25
14247,560546,9055,ONLINE/THETA-0.25
11599,430616,9635,ONLINE/THETA-0.25
15784,299216,10053,ONLINE/THETA-0.25
22335,592829,10152,ONLINE/THETA-0.25
22990,649970,10182,ONLINE/THETA-0.25
26151,757743,10371,ONLINE/THETA-0.25
27134,790956,11037,ONLINE/THETA-0.25
23987,665909,11062,ONLINE/THETA-0.25
398,2940,11842,ONLINE/THETA-0.25
23316,627258,11896,ONLINE/THETA-0.25
27287,800232,12302,ONLINE/THETA-0.25
3457,42769,12363,ONLINE/THETA-0.25
22341,592953,13154,ONLINE/THETA-0.25
6123,197504,13206,ONLINE/THETA-0.25
11991,334411,13218,ONLINE/THETA-0.25
26942,781639,13768,ONLINE/THETA-0.25
25945,734812,14206,ONLINE/THETA-0.25
9654,330909,14658,ONLINE/THETA-0.25
21913,636963,14757,ONLINE/THETA-0.25
21979,629033,16000,ONLINE/THETA-0.25
20117,372627,20676,ONLINE/THETA-0.25
17610,1000072,22052,ONLINE/THETA-0.25
6876,182638,22740,ONLINE/THETA-0.25
17386,572314,22931,ONLINE/THETA-0.25
27967,677711,23239,ONLINE/THETA-0.25
3552,17016,25216,ONLINE/THETA-0.25
24822,1040167,3,ONLINE/THETA-0.25
13427,308359,25,ONLINE/THETA-0.25
18611,586769,29,ONLINE/THETA-0.25
19802,923882,283,ONLINE/THETA-0.25
12880,619593,531,ONLINE/THETA-0.25
7476,135382,25,ONLINE/THETA-0.25
12969,394609,29,ONLINE/THETA-0.25
76794,907132,296,ONLINE/THETA-0.25
15594,565566,355,ONLINE/THETA-0.25
18083,481890,377,ONLINE/THETA-0.25
14139,570611,387,ONLINE/THETA-0.25
18006,763095,406,ONLINE/THETA-0.25
18372,408391,423,ONLINE/THETA-0.25
9486,267246,429,ONLINE/THETA-0.25
27357,977398,523,ONLINE/THETA-0.25
9242,345667,557,ONLINE/THETA-0.25
13641,482272,657,ONLINE/THETA-0.25
30870,1341740,641,ONLINE/THETA-0.25
8721,439406,726,ONLINE/THETA-0.25
30252,385890,749,ONLINE/THETA-0.25
10004,438462,832,ONLINE/THETA-0.25
11892,232111,843,ONLINE/THETA-0.25
4733,107479,1065,ONLINE/THETA-0.25
14395,501991,1142,ONLINE/THETA-0.25
16155,603804,1204,ONLINE/THETA-0.25
17550,899776,1223,ONLINE/THETA-0.25
44843,470509,1282,ONLINE/THETA-0.25
84944,2757336,1296,ONLINE/THETA-0.25
5646,136879,1501,ONLINE/THETA-0.25
7184,188977,1517,ONLINE/THETA-0.25
12190,609121,1645,ONLINE/THETA-0.25
10606,522073,1650,ONLINE/THETA-0.25
20771,813009,2026,ONLINE/THETA-0.25
27405,842085,2107,ONLINE/THETA-0.25
10649,414142,2057,ONLINE/THETA-0.25
3260,59531,2103,ONLINE/THETA-0.25
17468,435599,2112,ONLINE/THETA-0.25
34771,1013060,2179,ONLINE/THETA-0.25
38224,873797,3020,ONLINE/THETA-0.25
29993,660625,25456,ONLINE/THETA-0.25
6483,70651,25686,ONLINE/THETA-0.25
11032,323973,25906,ONLINE/THETA-0.25
14896,506457,26209,ONLINE/THETA-0.25
13651,402678,27434,ONLINE/THETA-0.25
16151,331476,27479,ONLINE/THETA-0.25
6479,99716,27657,ONLINE/THETA-0.25
13346,191851,28943,ONLINE/THETA-0.25
21084,757655,29145,ONLINE/THETA-0.25
5473,112780,29345,ONLINE/THETA-0.25
5559,39536,29509,ONLINE/THETA-0.25
11527,441552,29583,ONLINE/THETA-0.25
33341,729249,25456,ONLINE/THETA-0.25
6891,76380,25686,ONLINE/THETA-0.25
13647,384544,25906,ONLINE/THETA-0.25
14630,534817,26209,ONLINE/THETA-0.25
15730,508260,27434,ONLINE/THETA-0.25
15114,465739,27479,ONLINE/THETA-0.25
5705,128499,27657,ONLINE/THETA-0.25
12373,244048,28943,ONLINE/THETA-0.25
16117,654285,29145,ONLINE/THETA-0.25
5170,97719,29345,ONLINE/THETA-0.25
5529,26819,29509,ONLINE/THETA-0.25
10463,372268,29583,ONLINE/THETA-0.25
31958,1578243,3046,ONLINE/THETA-0.25
185637,1449593,3053,ONLINE/THETA-0.25
3923,101297,3066,ONLINE/THETA-0.25
7365,100644,3100,ONLINE/THETA-0.25
94525,3769964,3158,ONLINE/THETA-0.25
26415,1065223,3177,ONLINE/THETA-0.25
28695,495228,3196,ONLINE/THETA-0.25
10455,262597,3201,ONLINE/THETA-0.25
8440,264758,3279,ONLINE/THETA-0.25
19785,1118966,3349,ONLINE/THETA-0.25
13977,531124,3383,ONLINE/THETA-0.25
7356,162569,3384,ONLINE/THETA-0.25
15005,500971,3387,ONLINE/THETA-0.25
17228,672050,3407,ONLINE/THETA-0.25
5103,111700,4667,ONLINE/THETA-0.25
651,686,5165,ONLINE/THETA-0.25
5082,146592,5222,ONLINE/THETA-0.25
1449,0,5520,ONLINE/THETA-0.25
21031,613788,7618,ONLINE/THETA-0.25
12757,474553,9055,ONLINE/THETA-0.25
44375,419677,9635,ONLINE/THETA-0.25
15293,285930,10053,ONLINE/THETA-0.25
22140,601235,10152,ONLINE/THETA-0.25
22983,663530,10182,ONLINE/THETA-0.25
25994,761200,10371,ONLINE/THETA-0.25
27253,787352,11037,ONLINE/THETA-0.25
24734,673830,11062,ONLINE/THETA-0.25
411,0,11842,ONLINE/THETA-0.25
22401,632765,11896,ONLINE/THETA-0.25
27337,791708,12302,ONLINE/THETA-0.25
3726,45260,12363,ONLINE/THETA-0.25
23040,599277,13154,ONLINE/THETA-0.25
7328,189151,13206,ONLINE/THETA-0.25
13688,375410,13218,ONLINE/THETA-0.25
26568,823086,13768,ONLINE/THETA-0.25
22132,596341,14206,ONLINE/THETA-0.25
10115,317222,14658,ONLINE/THETA-0.25
21685,607161,14757,ONLINE/THETA-0.25
23522,702446,16000,ONLINE/THETA-0.25
19068,382547,20676,ONLINE/THETA-0.25
20682,1163368,22052,ONLINE/THETA-0.25
8064,173400,22740,ONLINE/THETA-0.25
17930,594671,22931,ONLINE/THETA-0.25
28380,708531,23239,ONLINE/THETA-0.25
4540,24283,25216,ONLINE/THETA-0.25
23962,1037234,3,ONLINE/THETA-0.25
15657,376072,25,ONLINE/THETA-0.25
17141,525048,29,ONLINE/THETA-0.25
18150,855571,283,ONLINE/THETA-0.25
15888,766877,531,ONLINE/THETA-0.25
8267,166523,25,ONLINE/THETA-0.25
13306,408407,29,ONLINE/THETA-0.25
96629,882422,296,ONLINE/THETA-0.25
16054,686805,355,ONLINE/THETA-0.25
16304,427580,377,ONLINE/THETA-0.25
13324,550510,387,ONLINE/THETA-0.25
15988,628540,406,ONLINE/THETA-0.25
18668,426563,423,ONLINE/THETA-0.25
9947,252419,429,ONLINE/THETA-0.25
28555,1009990,523,ONLINE/THETA-0.25
9944,439261,557,ONLINE/THETA-0.25
13311,452438,657,ONLINE/THETA-0.25
31068,1313911,641,ONLINE/THETA-0.25
9657,434689,726,ONLINE/THETA-0.25
30054,410634,749,ONLINE/THETA-0.25
10194,401240,832,ONLINE/THETA-0.25
11381,240560,843,ONLINE/THETA-0.25
4067,94683,1065,ONLINE/THETA-0.25
10449,346838,1142,ONLINE/THETA-0.25
16382,598527,1204,ONLINE/THETA-0.25
16879,864084,1223,ONLINE/THETA-0.25
11824,430248,1282,ONLINE/THETA-0.25
85790,2834837,1296,ONLINE/THETA-0.25
7129,159563,1501,ONLINE/THETA-0.25
6912,226042,1517,ONLINE/THETA-0.25
11651,564461,1645,ONLINE/THETA-0.25
7962,390047,1650,ONLINE/THETA-0.25
21544,792970,2026,ONLINE/THETA-0.25
27349,784426,2107,ONLINE/THETA-0.25
14309,509438,2057,ONLINE/THETA-0.25
3647,69630,2103,ONLINE/THETA-0.25
18610,480200,2112,ONLINE/THETA-0.25
34567,1013035,2179,ONLINE/THETA-0.25
35475,785605,3020,ONLINE/THETA-0.25
32822,784788,25456,ONLINE/THETA-0.25
7140,64551,25686,ONLINE/THETA-0.25
11149,322912,25906,ONLINE/THETA-0.25
15064,453294,26209,ONLINE/THETA-0.25
14193,450373,27434,ONLINE/THETA-0.25
15425,429516,27479,ONLINE/THETA-0.25
5519,134572,27657,ONLINE/THETA-0.25
14125,332329,28943,ONLINE/THETA-0.25
16921,642239,29145,ONLINE/THETA-0.25
5128,109055,29345,ONLINE/THETA-0.25
6917,36136,29509,ONLINE/THETA-0.25
14401,424054,29583,ONLINE/THETA-0.25
32248,1752801,3046,ONLINE/THETA-0.25
175005,1309785,3053,ONLINE/THETA-0.25
4510,124638,3066,ONLINE/THETA-0.25
7353,183615,3100,ONLINE/THETA-0.25
94226,3773151,3158,ONLINE/THETA-0.25
27511,1086616,3177,ONLINE/THETA-0.25
28377,525094,3196,ONLINE/THETA-0.25
10720,278694,3201,ONLINE/THETA-0.25
9835,309562,3279,ONLINE/THETA-0.25
17893,964504,3349,ONLINE/THETA-0.25
12555,467582,3383,ONLINE/THETA-0.25
7585,170089,3384,ONLINE/THETA-0.25
14733,412378,3387,ONLINE/THETA-0.25
15685,662521,3407,ONLINE/THETA-0.25
6683,98641,4667,ONLINE/THETA-0.25
762,0,5165,ONLINE/THETA-0.25
5637,167183,5222,ONLINE/THETA-0.25
1460,2,5520,ONLINE/THETA-0.25
20554,639425,7618,ONLINE/THETA-0.25
13640,491033,9055,ONLINE/THETA-0.25
12289,422320,9635,ONLINE/THETA-0.25
15281,308040,10053,ONLINE/THETA-0.25
22533,592272,10152,ONLINE/THETA-0.25
22610,632720,10182,ONLINE/THETA-0.25
26672,750555,10371,ONLINE/THETA-0.25
27796,805113,11037,ONLINE/THETA-0.25
23778,676221,11062,ONLINE/THETA-0.25
400,6970,11842,ONLINE/THETA-0.25
22383,602972,11896,ONLINE/THETA-0.25
27306,809123,12302,ONLINE/THETA-0.25
2929,34908,12363,ONLINE/THETA-0.25
21909,593289,13154,ONLINE/THETA-0.25
6852,209824,13206,ONLINE/THETA-0.25
12318,324670,13218,ONLINE/THETA-0.25
27444,836405,13768,ONLINE/THETA-0.25
23867,590564,14206,ONLINE/THETA-0.25
10239,339553,14658,ONLINE/THETA-0.25
21633,598209,14757,ONLINE/THETA-0.25
21920,604373,16000,ONLINE/THETA-0.25
18163,352261,20676,ONLINE/THETA-0.25
20305,1191877,22052,ONLINE/THETA-0.25
7272,189335,22740,ONLINE/THETA-0.25
18316,609174,22931,ONLINE/THETA-0.25
36599,600226,23239,ONLINE/THETA-0.25
3464,19772,25216,ONLINE/THETA-0.25
25473,988631,3,ONLINE/THETA-0.25
13779,290415,25,ONLINE/THETA-0.25
15590,468379,29,ONLINE/THETA-0.25
18384,882548,283,ONLINE/THETA-0.25
13777,656191,531,ONLINE/THETA-0.25
7710,149728,25,ONLINE/THETA-0.25
13051,393580,29,ONLINE/THETA-0.25
77454,943195,296,ONLINE/THETA-0.25
15991,547064,355,ONLINE/THETA-0.25
17293,444690,377,ONLINE/THETA-0.25
12915,527769,387,ONLINE/THETA-0.25
18629,736227,406,ONLINE/THETA-0.25
18610,395262,423,ONLINE/THETA-0.25
9478,246952,429,ONLINE/THETA-0.25
28483,1001672,523,ONLINE/THETA-0.25
9294,374396,557,ONLINE/THETA-0.25
18780,643971,657,ONLINE/THETA-0.25
31531,1300951,641,ONLINE/THETA-0.25
10242,463649,726,ONLINE/THETA-0.25
32521,385087,749,ONLINE/THETA-0.25
15589,612626,832,ONLINE/THETA-0.25
12035,234424,843,ONLINE/THETA-0.25
4151,105869,1065,ONLINE/THETA-0.25
11455,406436,1142,ONLINE/THETA-0.25
16599,603469,1204,ONLINE/THETA-0.25
18138,945112,1223,ONLINE/THETA-0.25
12887,464197,1282,ONLINE/THETA-0.25
85211,2832587,1296,ONLINE/THETA-0.25
5885,136775,1501,ONLINE/THETA-0.25
7176,205702,1517,ONLINE/THETA-0.25
10794,509324,1645,ONLINE/THETA-0.25
7736,348705,1650,ONLINE/THETA-0.25
43836,939437,2026,ONLINE/THETA-0.25
29030,844105,2107,ONLINE/THETA-0.25
10561,435572,2057,ONLINE/THETA-0.25
3700,49993,2103,ONLINE/THETA-0.25
16734,448263,2112,ONLINE/THETA-0.25
34562,968330,2179,ONLINE/THETA-0.25
34567,777477,3020,ONLINE/THETA-0.25
26711,1231157,3,ONLINE/THETA-0.25
13418,279803,25,ONLINE/THETA-0.25
17336,545889,29,ONLINE/THETA-0.25
17852,851325,283,ONLINE/THETA-0.25
15614,781856,531,ONLINE/THETA-0.25
7352,158083,25,ONLINE/THETA-0.25
13235,427599,29,ONLINE/THETA-0.25
80031,849768,296,ONLINE/THETA-0.25
12841,517038,355,ONLINE/THETA-0.25
15865,390898,377,ONLINE/THETA-0.25
14239,538548,387,ONLINE/THETA-0.25
14984,686944,406,ONLINE/THETA-0.25
19193,450896,423,ONLINE/THETA-0.25
9179,250142,429,ONLINE/THETA-0.25
27994,1008410,523,ONLINE/THETA-0.25
9495,369241,557,ONLINE/THETA-0.25
12653,438301,657,ONLINE/THETA-0.25
29676,1267961,641,ONLINE/THETA-0.25
8798,420191,726,ONLINE/THETA-0.25
29660,415354,749,ONLINE/THETA-0.25
14411,728644,832,ONLINE/THETA-0.25
11488,215474,843,ONLINE/THETA-0.25
5247,100935,1065,ONLINE/THETA-0.25
11412,413097,1142,ONLINE/THETA-0.25
15517,610027,1204,ONLINE/THETA-0.25
17116,895727,1223,ONLINE/THETA-0.25
10047,361325,1282,ONLINE/THETA-0.25
85245,2803194,1296,ONLINE/THETA-0.25
5798,152336,1501,ONLINE/THETA-0.25
8177,220758,1517,ONLINE/THETA-0.25
11247,514676,1645,ONLINE/THETA-0.25
10331,460378,1650,ONLINE/THETA-0.25
20613,909916,2026,ONLINE/THETA-0.25
28807,856561,2107,ONLINE/THETA-0.25
14231,350199,2057,ONLINE/THETA-0.25
3889,73758,2103,ONLINE/THETA-0.25
18029,452981,2112,ONLINE/THETA-0.25
34908,1000366,2179,ONLINE/THETA-0.25
36117,813358,3020,ONLINE/THETA-0.25
14131,859046,3046,ONLINE/THETA-0.25
173490,964621,3053,ONLINE/THETA-0.25
2313,13999,3066,ONLINE/THETA-0.25
7031,161351,3100,ONLINE/THETA-0.25
93530,3757918,3158,ONLINE/THETA-0.25
26852,970871,3177,ONLINE/THETA-0.25
27939,568339,3196,ONLINE/THETA-0.25
8063,248095,3201,ONLINE/THETA-0.25
8077,261349,3279,ONLINE/THETA-0.25
19185,960508,3349,ONLINE/THETA-0.25
11620,465224,3383,ONLINE/THETA-0.25
5700,163095,3384,ONLINE/THETA-0.25
12988,387686,3387,ONLINE/THETA-0.25
21191,823145,3407,ONLINE/THETA-0.25
4610,92268,4667,ONLINE/THETA-0.25
592,0,5165,ONLINE/THETA-0.25
4976,163447,5222,ONLINE/THETA-0.25
1368,0,5520,ONLINE/THETA-0.25
20837,779695,7618,ONLINE/THETA-0.25
11975,418319,9055,ONLINE/THETA-0.25
11668,440194,9635,ONLINE/THETA-0.25
14781,306612,10053,ONLINE/THETA-0.25
23566,633589,10152,ONLINE/THETA-0.25
23110,634914,10182,ONLINE/THETA-0.25
29776,915137,10371,ONLINE/THETA-0.25
29767,916600,11037,ONLINE/THETA-0.25
24202,656488,11062,ONLINE/THETA-0.25
365,0,11842,ONLINE/THETA-0.25
26144,728882,11896,ONLINE/THETA-0.25
26919,794797,12302,ONLINE/THETA-0.25
3249,31856,12363,ONLINE/THETA-0.25
21915,623538,13154,ONLINE/THETA-0.25
6354,191136,13206,ONLINE/THETA-0.25
11547,311325,13218,ONLINE/THETA-0.25
26338,816799,13768,ONLINE/THETA-0.25
22228,614437,14206,ONLINE/THETA-0.25
9039,312691,14658,ONLINE/THETA-0.25
20907,610951,14757,ONLINE/THETA-0.25
21314,618773,16000,ONLINE/THETA-0.25
17770,354908,20676,ONLINE/THETA-0.25
20423,1276202,22052,ONLINE/THETA-0.25
5804,190814,22740,ONLINE/THETA-0.25
17181,569692,22931,ONLINE/THETA-0.25
27060,647210,23239,ONLINE/THETA-0.25
3435,17025,25216,ONLINE/THETA-0.25
11557,353109,25456,ONLINE/THETA-0.25
3652,28650,25686,ONLINE/THETA-0.25
6452,162729,25906,ONLINE/THETA-0.25
6946,225170,26209,ONLINE/THETA-0.25
7006,253051,27434,ONLINE/THETA-0.25
10295,332924,27479,ONLINE/THETA-0.25
4565,114720,27657,ONLINE/THETA-0.25
7312,143894,28943,ONLINE/THETA-0.25
12866,552101,29145,ONLINE/THETA-0.25
4005,78557,29345,ONLINE/THETA-0.25
5477,29927,29509,ONLINE/THETA-0.25
7173,288182,29583,ONLINE/THETA-0.25
25968,1186012,3,ONLINE/THETA-0.25
12498,253746,25,ONLINE/THETA-0.25
18046,519310,29,ONLINE/THETA-0.25
18304,804840,283,ONLINE/THETA-0.25
14358,734820,531,ONLINE/THETA-0.25
8284,140622,25,ONLINE/THETA-0.25
36336,410543,29,ONLINE/THETA-0.25
89718,1224467,296,ONLINE/THETA-0.25
15205,611135,355,ONLINE/THETA-0.25
16578,384078,377,ONLINE/THETA-0.25
15137,595396,387,ONLINE/THETA-0.25
15553,724793,406,ONLINE/THETA-0.25
19632,411232,423,ONLINE/THETA-0.25
8368,239316,429,ONLINE/THETA-0.25
31056,1111921,523,ONLINE/THETA-0.25
9475,379927,557,ONLINE/THETA-0.25
12940,439629,657,ONLINE/THETA-0.25
30717,1313208,641,ONLINE/THETA-0.25
10854,498427,726,ONLINE/THETA-0.25
33707,410283,749,ONLINE/THETA-0.25
10437,416182,832,ONLINE/THETA-0.25
11668,201739,843,ONLINE/THETA-0.25
4390,104392,1065,ONLINE/THETA-0.25
11041,368246,1142,ONLINE/THETA-0.25
16001,604015,1204,ONLINE/THETA-0.25
18242,929638,1223,ONLINE/THETA-0.25
10681,435869,1282,ONLINE/THETA-0.25
85031,2766928,1296,ONLINE/THETA-0.25
5982,144504,1501,ONLINE/THETA-0.25
6828,233080,1517,ONLINE/THETA-0.25
11150,512063,1645,ONLINE/THETA-0.25
7611,375049,1650,ONLINE/THETA-0.25
20915,910063,2026,ONLINE/THETA-0.25
27359,806092,2107,ONLINE/THETA-0.25
10038,386323,2057,ONLINE/THETA-0.25
3451,65219,2103,ONLINE/THETA-0.25
16238,441139,2112,ONLINE/THETA-0.25
35956,1012115,2179,ONLINE/THETA-0.25
37513,818252,3020,ONLINE/THETA-0.25
13067,823091,3046,ONLINE/THETA-0.25
177872,923704,3053,ONLINE/THETA-0.25
2930,49611,3066,ONLINE/THETA-0.25
6988,154386,3100,ONLINE/THETA-0.25
93461,3783918,3158,ONLINE/THETA-0.25
24307,941065,3177,ONLINE/THETA-0.25
27006,563455,3196,ONLINE/THETA-0.25
9060,218805,3201,ONLINE/THETA-0.25
8942,290872,3279,ONLINE/THETA-0.25
17998,935079,3349,ONLINE/THETA-0.25
13656,510741,3383,ONLINE/THETA-0.25
6459,183745,3384,ONLINE/THETA-0.25
13564,464407,3387,ONLINE/THETA-0.25
14107,524157,3407,ONLINE/THETA-0.25
6587,86691,4667,ONLINE/THETA-0.25
621,0,5165,ONLINE/THETA-0.25
5168,155117,5222,ONLINE/THETA-0.25
1464,0,5520,ONLINE/THETA-0.25
16122,616375,7618,ONLINE/THETA-0.25
13543,527961,9055,ONLINE/THETA-0.25
11689,427418,9635,ONLINE/THETA-0.25
15324,294746,10053,ONLINE/THETA-0.25
22290,596095,10152,ONLINE/THETA-0.25
23131,672802,10182,ONLINE/THETA-0.25
26069,763273,10371,ONLINE/THETA-0.25
27785,799470,11037,ONLINE/THETA-0.25
24024,675142,11062,ONLINE/THETA-0.25
379,7011,11842,ONLINE/THETA-0.25
23025,618014,11896,ONLINE/THETA-0.25
26041,767731,12302,ONLINE/THETA-0.25
2907,25233,12363,ONLINE/THETA-0.25
26029,747063,13154,ONLINE/THETA-0.25
6355,215825,13206,ONLINE/THETA-0.25
11820,300740,13218,ONLINE/THETA-0.25
27384,878312,13768,ONLINE/THETA-0.25
21467,598931,14206,ONLINE/THETA-0.25
9277,325575,14658,ONLINE/THETA-0.25
21639,604986,14757,ONLINE/THETA-0.25
21041,594976,16000,ONLINE/THETA-0.25
19324,363231,20676,ONLINE/THETA-0.25
20386,1238112,22052,ONLINE/THETA-0.25
5259,179102,22740,ONLINE/THETA-0.25
16534,545846,22931,ONLINE/THETA-0.25
27890,648941,23239,ONLINE/THETA-0.25
3427,16439,25216,ONLINE/THETA-0.25
12522,381569,25456,ONLINE/THETA-0.25
3601,29856,25686,ONLINE/THETA-0.25
5379,186227,25906,ONLINE/THETA-0.25
7085,202175,26209,ONLINE/THETA-0.25
7600,265206,27434,ONLINE/THETA-0.25
10585,387416,27479,ONLINE/THETA-0.25
4605,114564,27657,ONLINE/THETA-0.25
7386,152707,28943,ONLINE/THETA-0.25
17114,766419,29145,ONLINE/THETA-0.25
5328,102598,29345,ONLINE/THETA-0.25
5682,37634,29509,ONLINE/THETA-0.25
10246,414333,29583,ONLINE/THETA-0.25
26355,1134638,3,ONLINE/THETA-0.5
12623,264058,25,ONLINE/THETA-0.5
17238,470258,29,ONLINE/THETA-0.5
18077,815454,283,ONLINE/THETA-0.5
14204,597931,531,ONLINE/THETA-0.5
7775,134449,25,ONLINE/THETA-0.5
14337,386089,29,ONLINE/THETA-0.5
80109,930138,296,ONLINE/THETA-0.5
13867,451640,355,ONLINE/THETA-0.5
16896,400982,377,ONLINE/THETA-0.5
12313,455266,387,ONLINE/THETA-0.5
16296,583582,406,ONLINE/THETA-0.5
18617,390941,423,ONLINE/THETA-0.5
8477,220669,429,ONLINE/THETA-0.5
32852,967121,523,ONLINE/THETA-0.5
8977,292849,557,ONLINE/THETA-0.5
14712,461175,657,ONLINE/THETA-0.5
30741,1271234,641,ONLINE/THETA-0.5
9672,360154,726,ONLINE/THETA-0.5
28327,330067,749,ONLINE/THETA-0.5
9656,370233,832,ONLINE/THETA-0.5
12536,233107,843,ONLINE/THETA-0.5
4720,84169,1065,ONLINE/THETA-0.5
10118,331690,1142,ONLINE/THETA-0.5
15860,600327,1204,ONLINE/THETA-0.5
17510,790887,1223,ONLINE/THETA-0.5
11313,370664,1282,ONLINE/THETA-0.5
85314,2749128,1296,ONLINE/THETA-0.5
6346,108310,1501,ONLINE/THETA-0.5
7011,194421,1517,ONLINE/THETA-0.5
10687,440086,1645,ONLINE/THETA-0.5
7315,317268,1650,ONLINE/THETA-0.5
22598,848844,2026,ONLINE/THETA-0.5
28036,779181,2107,ONLINE/THETA-0.5
12413,402542,2057,ONLINE/THETA-0.5
3505,45442,2103,ONLINE/THETA-0.5
19736,380834,2112,ONLINE/THETA-0.5
34708,982832,2179,ONLINE/THETA-0.5
34913,777651,3020,ONLINE/THETA-0.5
34170,1540434,3046,ONLINE/THETA-0.5
184591,1284640,3053,ONLINE/THETA-0.5
4604,103476,3066,ONLINE/THETA-0.5
6369,119386,3100,ONLINE/THETA-0.5
94384,3595380,3158,ONLINE/THETA-0.5
30065,1088783,3177,ONLINE/THETA-0.5
28129,476956,3196,ONLINE/THETA-0.5
9131,215477,3201,ONLINE/THETA-0.5
8137,234789,3279,ONLINE/THETA-0.5
17819,924907,3349,ONLINE/THETA-0.5
11760,407535,3383,ONLINE/THETA-0.5
7813,187608,3384,ONLINE/THETA-0.5
17410,469631,3387,ONLINE/THETA-0.5
31000,557626,3407,ONLINE/THETA-0.5
5761,130921,4667,ONLINE/THETA-0.5
649,3324,5165,ONLINE/THETA-0.5
5923,142033,5222,ONLINE/THETA-0.5
1461,0,5520,ONLINE/THETA-0.5
23351,819278,7618,ONLINE/THETA-0.5
13825,505603,9055,ONLINE/THETA-0.5
11985,372341,9635,ONLINE/THETA-0.5
15448,316177,10053,ONLINE/THETA-0.5
25192,620715,10152,ONLINE/THETA-0.5
25221,641503,10182,ONLINE/THETA-0.5
28149,748545,10371,ONLINE/THETA-0.5
30017,809223,11037,ONLINE/THETA-0.5
25873,644382,11062,ONLINE/THETA-0.5
420,6828,11842,ONLINE/THETA-0.5
24795,564221,11896,ONLINE/THETA-0.5
26191,761516,12302,ONLINE/THETA-0.5
3033,36793,12363,ONLINE/THETA-0.5
26238,621347,13154,ONLINE/THETA-0.5
6867,179865,13206,ONLINE/THETA-0.5
12421,318503,13218,ONLINE/THETA-0.5
28723,813867,13768,ONLINE/THETA-0.5
23866,581886,14206,ONLINE/THETA-0.5
9209,278531,14658,ONLINE/THETA-0.5
21039,605136,14757,ONLINE/THETA-0.5
21269,622137,16000,ONLINE/THETA-0.5
18986,344533,20676,ONLINE/THETA-0.5
21190,1086192,22052,ONLINE/THETA-0.5
5788,111553,22740,ONLINE/THETA-0.5
16459,460678,22931,ONLINE/THETA-0.5
30739,714207,23239,ONLINE/THETA-0.5
3596,19843,25216,ONLINE/THETA-0.5
30134,687893,25456,ONLINE/THETA-0.5
6996,77031,25686,ONLINE/THETA-0.5
10803,271428,25906,ONLINE/THETA-0.5
15261,426671,26209,ONLINE/THETA-0.5
14170,400610,27434,ONLINE/THETA-0.5
16376,395131,27479,ONLINE/THETA-0.5
5962,97541,27657,ONLINE/THETA-0.5
15916,382442,28943,ONLINE/THETA-0.5
16343,752479,29145,ONLINE/THETA-0.5
4729,64119,29345,ONLINE/THETA-0.5
5495,22556,29509,ONLINE/THETA-0.5
11580,370599,29583,ONLINE/THETA-0.5
32067,1575134,3046,ONLINE/THETA-0.5
176691,1160902,3053,ONLINE/THETA-0.5
3584,41833,3066,ONLINE/THETA-0.5
8715,151964,3100,ONLINE/THETA-0.5
93925,3603184,3158,ONLINE/THETA-0.5
27154,1005573,3177,ONLINE/THETA-0.5
29221,479591,3196,ONLINE/THETA-0.5
8992,187424,3201,ONLINE/THETA-0.5
38386,305334,3279,ONLINE/THETA-0.5
19876,976564,3349,ONLINE/THETA-0.5
13879,501791,3383,ONLINE/THETA-0.5
9647,225841,3384,ONLINE/THETA-0.5
17799,482512,3387,ONLINE/THETA-0.5
18252,648597,3407,ONLINE/THETA-0.5
4660,85395,4667,ONLINE/THETA-0.5
636,0,5165,ONLINE/THETA-0.5
5553,134908,5222,ONLINE/THETA-0.5
1609,64,5520,ONLINE/THETA-0.5
18757,660644,7618,ONLINE/THETA-0.5
12998,467192,9055,ONLINE/THETA-0.5
13320,429917,9635,ONLINE/THETA-0.5
15924,288053,10053,ONLINE/THETA-0.5
24730,605440,10152,ONLINE/THETA-0.5
28338,790319,10182,ONLINE/THETA-0.5
28884,769741,10371,ONLINE/THETA-0.5
30033,793027,11037,ONLINE/THETA-0.5
29179,784652,11062,ONLINE/THETA-0.5
384,7011,11842,ONLINE/THETA-0.5
24956,593751,11896,ONLINE/THETA-0.5
26054,769712,12302,ONLINE/THETA-0.5
3037,39778,12363,ONLINE/THETA-0.5
24829,607058,13154,ONLINE/THETA-0.5
5805,160187,13206,ONLINE/THETA-0.5
12496,327020,13218,ONLINE/THETA-0.5
29807,891747,13768,ONLINE/THETA-0.5
23950,592902,14206,ONLINE/THETA-0.5
10671,312153,14658,ONLINE/THETA-0.5
21629,632149,14757,ONLINE/THETA-0.5
21946,632367,16000,ONLINE/THETA-0.5
18876,363299,20676,ONLINE/THETA-0.5
19416,976081,22052,ONLINE/THETA-0.5
5583,155920,22740,ONLINE/THETA-0.5
19056,544473,22931,ONLINE/THETA-0.5
28259,747558,23239,ONLINE/THETA-0.5
4514,17708,25216,ONLINE/THETA-0.5
29766,687835,25456,ONLINE/THETA-0.5
7218,71196,25686,ONLINE/THETA-0.5
10874,274212,25906,ONLINE/THETA-0.5
12329,398754,26209,ONLINE/THETA-0.5
14528,397165,27434,ONLINE/THETA-0.5
19653,582099,27479,ONLINE/THETA-0.5
5853,112632,27657,ONLINE/THETA-0.5
13479,301410,28943,ONLINE/THETA-0.5
16603,610431,29145,ONLINE/THETA-0.5
4822,79928,29345,ONLINE/THETA-0.5
6943,35319,29509,ONLINE/THETA-0.5
21735,361324,29583,ONLINE/THETA-0.5
26565,880495,3,ONLINE/THETA-0.5
14822,334119,25,ONLINE/THETA-0.5
19594,432874,29,ONLINE/THETA-0.5
19765,670221,283,ONLINE/THETA-0.5
16916,676563,531,ONLINE/THETA-0.5
8942,186134,25,ONLINE/THETA-0.5
12451,326457,29,ONLINE/THETA-0.5
79350,791164,296,ONLINE/THETA-0.5
19109,621371,355,ONLINE/THETA-0.5
17609,420337,377,ONLINE/THETA-0.5
15464,453925,387,ONLINE/THETA-0.5
19301,703033,406,ONLINE/THETA-0.5
27193,412500,423,ONLINE/THETA-0.5
8669,213184,429,ONLINE/THETA-0.5
32654,964779,523,ONLINE/THETA-0.5
9765,348504,557,ONLINE/THETA-0.5
23510,658519,657,ONLINE/THETA-0.5
31358,1305335,641,ONLINE/THETA-0.5
8750,337705,726,ONLINE/THETA-0.5
29148,373201,749,ONLINE/THETA-0.5
9426,360317,832,ONLINE/THETA-0.5
12037,230179,843,ONLINE/THETA-0.5
5096,90367,1065,ONLINE/THETA-0.5
10369,316620,1142,ONLINE/THETA-0.5
16162,599284,1204,ONLINE/THETA-0.5
17060,796477,1223,ONLINE/THETA-0.5
10291,342053,1282,ONLINE/THETA-0.5
86990,2818666,1296,ONLINE/THETA-0.5
5346,101483,1501,ONLINE/THETA-0.5
7294,166427,1517,ONLINE/THETA-0.5
10936,591784,1645,ONLINE/THETA-0.5
7423,313925,1650,ONLINE/THETA-0.5
47028,953012,2026,ONLINE/THETA-0.5
27891,817857,2107,ONLINE/THETA-0.5
14298,453655,2057,ONLINE/THETA-0.5
3922,53631,2103,ONLINE/THETA-0.5
17052,416416,2112,ONLINE/THETA-0.5
35728,1013318,2179,ONLINE/THETA-0.5
36447,863645,3020,ONLINE/THETA-0.5
29497,724307,25456,ONLINE/THETA-0.5
6879,69123,25686,ONLINE/THETA-0.5
13010,374583,25906,ONLINE/THETA-0.5
13903,399781,26209,ONLINE/THETA-0.5
14057,444156,27434,ONLINE/THETA-0.5
15780,431582,27479,ONLINE/THETA-0.5
5970,98616,27657,ONLINE/THETA-0.5
10001,165224,28943,ONLINE/THETA-0.5
20079,775835,29145,ONLINE/THETA-0.5
4980,77170,29345,ONLINE/THETA-0.5
6115,38048,29509,ONLINE/THETA-0.5
10710,360586,29583,ONLINE/THETA-0.5
27966,1055126,3,ONLINE/THETA-0.5
13021,261420,25,ONLINE/THETA-0.5
17120,471289,29,ONLINE/THETA-0.5
18909,854896,283,ONLINE/THETA-0.5
13370,542109,531,ONLINE/THETA-0.5
7758,146238,25,ONLINE/THETA-0.5
12119,317528,29,ONLINE/THETA-0.5
78347,926301,296,ONLINE/THETA-0.5
16359,535977,355,ONLINE/THETA-0.5
17251,403109,377,ONLINE/THETA-0.5
13841,512937,387,ONLINE/THETA-0.5
15792,586718,406,ONLINE/THETA-0.5
17372,377346,423,ONLINE/THETA-0.5
8535,227200,429,ONLINE/THETA-0.5
32250,946003,523,ONLINE/THETA-0.5
8948,286497,557,ONLINE/THETA-0.5
13623,429675,657,ONLINE/THETA-0.5
31046,1268894,641,ONLINE/THETA-0.5
8741,344150,726,ONLINE/THETA-0.5
28370,332865,749,ONLINE/THETA-0.5
9804,376372,832,ONLINE/THETA-0.5
10742,199121,843,ONLINE/THETA-0.5
3971,71733,1065,ONLINE/THETA-0.5
9673,306926,1142,ONLINE/THETA-0.5
15801,604170,1204,ONLINE/THETA-0.5
16910,758989,1223,ONLINE/THETA-0.5
10905,364509,1282,ONLINE/THETA-0.5
83073,2677652,1296,ONLINE/THETA-0.5
5342,137947,1501,ONLINE/THETA-0.5
7063,206142,1517,ONLINE/THETA-0.5
10252,427730,1645,ONLINE/THETA-0.5
7355,307185,1650,ONLINE/THETA-0.5
20510,901072,2026,ONLINE/THETA-0.5
26864,762275,2107,ONLINE/THETA-0.5
9784,306542,2057,ONLINE/THETA-0.5
3289,47482,2103,ONLINE/THETA-0.5
17176,425326,2112,ONLINE/THETA-0.5
34560,1054180,2179,ONLINE/THETA-0.5
36150,797201,3020,ONLINE/THETA-0.5
31984,1547580,3046,ONLINE/THETA-0.5
178216,1147671,3053,ONLINE/THETA-0.5
3895,73311,3066,ONLINE/THETA-0.5
7713,145168,3100,ONLINE/THETA-0.5
95341,3582776,3158,ONLINE/THETA-0.5
26829,1084919,3177,ONLINE/THETA-0.5
30323,491835,3196,ONLINE/THETA-0.5
39131,250211,3201,ONLINE/THETA-0.5
11081,319613,3279,ONLINE/THETA-0.5
20176,1036891,3349,ONLINE/THETA-0.5
34280,516784,3383,ONLINE/THETA-0.5
8483,227259,3384,ONLINE/THETA-0.5
15889,449906,3387,ONLINE/THETA-0.5
16580,504071,3407,ONLINE/THETA-0.5
5276,102278,4667,ONLINE/THETA-0.5
652,0,5165,ONLINE/THETA-0.5
6311,165867,5222,ONLINE/THETA-0.5
1483,286,5520,ONLINE/THETA-0.5
18652,637721,7618,ONLINE/THETA-0.5
14329,504979,9055,ONLINE/THETA-0.5
23811,387706,9635,ONLINE/THETA-0.5
16822,364147,10053,ONLINE/THETA-0.5
24435,623597,10152,ONLINE/THETA-0.5
25697,654529,10182,ONLINE/THETA-0.5
31488,916260,10371,ONLINE/THETA-0.5
30862,769267,11037,ONLINE/THETA-0.5
27013,669690,11062,ONLINE/THETA-0.5
460,0,11842,ONLINE/THETA-0.5
25205,599849,11896,ONLINE/THETA-0.5
27987,718070,12302,ONLINE/THETA-0.5
3221,34631,12363,ONLINE/THETA-0.5
29355,814564,13154,ONLINE/THETA-0.5
7289,187609,13206,ONLINE/THETA-0.5
12368,304709,13218,ONLINE/THETA-0.5
28969,845764,13768,ONLINE/THETA-0.5
24386,594650,14206,ONLINE/THETA-0.5
9584,285653,14658,ONLINE/THETA-0.5
22419,638765,14757,ONLINE/THETA-0.5
21607,664470,16000,ONLINE/THETA-0.5
19442,358022,20676,ONLINE/THETA-0.5
20456,1106574,22052,ONLINE/THETA-0.5
4958,133239,22740,ONLINE/THETA-0.5
18087,486392,22931,ONLINE/THETA-0.5
27681,648037,23239,ONLINE/THETA-0.5
3962,11355,25216,ONLINE/THETA-0.5
26793,790051,3,ONLINE/THETA-0.5
13827,301830,25,ONLINE/THETA-0.5
17279,451471,29,ONLINE/THETA-0.5
19664,863344,283,ONLINE/THETA-0.5
14953,646597,531,ONLINE/THETA-0.5
7636,153047,25,ONLINE/THETA-0.5
13162,346591,29,ONLINE/THETA-0.5
77840,846983,296,ONLINE/THETA-0.5
37788,420171,355,ONLINE/THETA-0.5
18962,463726,377,ONLINE/THETA-0.5
13954,486523,387,ONLINE/THETA-0.5
21159,798646,406,ONLINE/THETA-0.5
18474,371101,423,ONLINE/THETA-0.5
10451,204109,429,ONLINE/THETA-0.5
33494,910262,523,ONLINE/THETA-0.5
9954,336745,557,ONLINE/THETA-0.5
13453,400186,657,ONLINE/THETA-0.5
31077,1268834,641,ONLINE/THETA-0.5
9167,355174,726,ONLINE/THETA-0.5
30569,397884,749,ONLINE/THETA-0.5
9590,373624,832,ONLINE/THETA-0.5
12701,204241,843,ONLINE/THETA-0.5
33391,74000,1065,ONLINE/THETA-0.5
11571,389800,1142,ONLINE/THETA-0.5
16238,593474,1204,ONLINE/THETA-0.5
17736,836497,1223,ONLINE/THETA-0.5
11895,371578,1282,ONLINE/THETA-0.5
85797,2829134,1296,ONLINE/THETA-0.5
5787,120529,1501,ONLINE/THETA-0.5
7103,198736,1517,ONLINE/THETA-0.5
10686,455481,1645,ONLINE/THETA-0.5
7450,330700,1650,ONLINE/THETA-0.5
24943,973964,2026,ONLINE/THETA-0.5
27980,855425,2107,ONLINE/THETA-0.5
12166,408298,2057,ONLINE/THETA-0.5
3506,49492,2103,ONLINE/THETA-0.5
20571,431637,2112,ONLINE/THETA-0.5
35372,1018555,2179,ONLINE/THETA-0.5
39427,845099,3020,ONLINE/THETA-0.5
15967,1027148,3046,ONLINE/THETA-0.5
174759,869176,3053,ONLINE/THETA-0.5
2903,61890,3066,ONLINE/THETA-0.5
6522,170399,3100,ONLINE/THETA-0.5
92158,3598526,3158,ONLINE/THETA-0.5
23535,938102,3177,ONLINE/THETA-0.5
27354,397818,3196,ONLINE/THETA-0.5
10712,246125,3201,ONLINE/THETA-0.5
10092,297798,3279,ONLINE/THETA-0.5
21294,942495,3349,ONLINE/THETA-0.5
14411,546687,3383,ONLINE/THETA-0.5
6076,159764,3384,ONLINE/THETA-0.5
16329,494203,3387,ONLINE/THETA-0.5
16787,636382,3407,ONLINE/THETA-0.5
5540,87646,4667,ONLINE/THETA-0.5
585,0,5165,ONLINE/THETA-0.5
5195,135573,5222,ONLINE/THETA-0.5
1294,164,5520,ONLINE/THETA-0.5
17886,664292,7618,ONLINE/THETA-0.5
12405,447180,9055,ONLINE/THETA-0.5
13875,411813,9635,ONLINE/THETA-0.5
14643,289442,10053,ONLINE/THETA-0.5
24998,620900,10152,ONLINE/THETA-0.5
25375,646693,10182,ONLINE/THETA-0.5
28732,771270,10371,ONLINE/THETA-0.5
29756,811852,11037,ONLINE/THETA-0.5
26376,667055,11062,ONLINE/THETA-0.5
371,6929,11842,ONLINE/THETA-0.5
24856,611896,11896,ONLINE/THETA-0.5
26676,803408,12302,ONLINE/THETA-0.5
2876,36824,12363,ONLINE/THETA-0.5
25853,645301,13154,ONLINE/THETA-0.5
6216,192094,13206,ONLINE/THETA-0.5
12041,311673,13218,ONLINE/THETA-0.5
28141,823447,13768,ONLINE/THETA-0.5
24679,608774,14206,ONLINE/THETA-0.5
9771,289172,14658,ONLINE/THETA-0.5
22196,631200,14757,ONLINE/THETA-0.5
21246,628303,16000,ONLINE/THETA-0.5
19106,365822,20676,ONLINE/THETA-0.5
19074,947713,22052,ONLINE/THETA-0.5
5177,127518,22740,ONLINE/THETA-0.5
16294,513724,22931,ONLINE/THETA-0.5
26431,634294,23239,ONLINE/THETA-0.5
3287,14836,25216,ONLINE/THETA-0.5
11336,362913,25456,ONLINE/THETA-0.5
3259,23639,25686,ONLINE/THETA-0.5
6078,181341,25906,ONLINE/THETA-0.5
7603,213319,26209,ONLINE/THETA-0.5
6231,167586,27434,ONLINE/THETA-0.5
11743,317921,27479,ONLINE/THETA-0.5
5239,89665,27657,ONLINE/THETA-0.5
7402,143836,28943,ONLINE/THETA-0.5
13713,517517,29145,ONLINE/THETA-0.5
4618,71240,29345,ONLINE/THETA-0.5
4576,26228,29509,ONLINE/THETA-0.5
7851,237067,29583,ONLINE/THETA-0.5
26290,692326,3,ONLINE/THETA-0.5
13268,269290,25,ONLINE/THETA-0.5
17930,388761,29,ONLINE/THETA-0.5
25626,1061930,283,ONLINE/THETA-0.5
14472,630225,531,ONLINE/THETA-0.5
8335,137613,25,ONLINE/THETA-0.5
13423,335782,29,ONLINE/THETA-0.5
79742,947952,296,ONLINE/THETA-0.5
16592,543910,355,ONLINE/THETA-0.5
18055,436571,377,ONLINE/THETA-0.5
16382,547584,387,ONLINE/THETA-0.5
17453,614462,406,ONLINE/THETA-0.5
17398,380988,423,ONLINE/THETA-0.5
9370,217159,429,ONLINE/THETA-0.5
33107,975418,523,ONLINE/THETA-0.5
9117,287457,557,ONLINE/THETA-0.5
14873,518869,657,ONLINE/THETA-0.5
32344,1287846,641,ONLINE/THETA-0.5
9409,348747,726,ONLINE/THETA-0.5
30183,383574,749,ONLINE/THETA-0.5
13300,506915,832,ONLINE/THETA-0.5
11971,221491,843,ONLINE/THETA-0.5
3889,67876,1065,ONLINE/THETA-0.5
10913,392590,1142,ONLINE/THETA-0.5
15478,598782,1204,ONLINE/THETA-0.5
17227,775193,1223,ONLINE/THETA-0.5
11504,362098,1282,ONLINE/THETA-0.5
85360,2748448,1296,ONLINE/THETA-0.5
5631,106805,1501,ONLINE/THETA-0.5
6579,185675,1517,ONLINE/THETA-0.5
11564,501923,1645,ONLINE/THETA-0.5
7514,310073,1650,ONLINE/THETA-0.5
20719,1029233,2026,ONLINE/THETA-0.5
28169,773204,2107,ONLINE/THETA-0.5
10093,323949,2057,ONLINE/THETA-0.5
3401,45053,2103,ONLINE/THETA-0.5
16549,413662,2112,ONLINE/THETA-0.5
35027,994737,2179,ONLINE/THETA-0.5
34651,776767,3020,ONLINE/THETA-0.5
12078,703541,3046,ONLINE/THETA-0.5
178696,930166,3053,ONLINE/THETA-0.5
2332,3284,3066,ONLINE/THETA-0.5
6407,116930,3100,ONLINE/THETA-0.5
90780,3582499,3158,ONLINE/THETA-0.5
24446,870572,3177,ONLINE/THETA-0.5
27018,478106,3196,ONLINE/THETA-0.5
8441,193217,3201,ONLINE/THETA-0.5
8000,243857,3279,ONLINE/THETA-0.5
20264,916751,3349,ONLINE/THETA-0.5
23714,533114,3383,ONLINE/THETA-0.5
8686,239409,3384,ONLINE/THETA-0.5
15770,532180,3387,ONLINE/THETA-0.5
14697,513554,3407,ONLINE/THETA-0.5
4604,97591,4667,ONLINE/THETA-0.5
866,0,5165,ONLINE/THETA-0.5
5498,142757,5222,ONLINE/THETA-0.5
1399,0,5520,ONLINE/THETA-0.5
23028,581438,7618,ONLINE/THETA-0.5
13111,475910,9055,ONLINE/THETA-0.5
11369,385611,9635,ONLINE/THETA-0.5
14896,281101,10053,ONLINE/THETA-0.5
27985,736521,10152,ONLINE/THETA-0.5
26214,676387,10182,ONLINE/THETA-0.5
28279,744735,10371,ONLINE/THETA-0.5
30291,827989,11037,ONLINE/THETA-0.5
30185,811916,11062,ONLINE/THETA-0.5
596,3962,11842,ONLINE/THETA-0.5
24352,603740,11896,ONLINE/THETA-0.5
26590,784518,12302,ONLINE/THETA-0.5
2949,34682,12363,ONLINE/THETA-0.5
28171,755926,13154,ONLINE/THETA-0.5
6368,176052,13206,ONLINE/THETA-0.5
12354,309280,13218,ONLINE/THETA-0.5
29161,851669,13768,ONLINE/THETA-0.5
24999,633759,14206,ONLINE/THETA-0.5
9418,283142,14658,ONLINE/THETA-0.5
21708,657623,14757,ONLINE/THETA-0.5
20956,650770,16000,ONLINE/THETA-0.5
18843,376483,20676,ONLINE/THETA-0.5
17476,910732,22052,ONLINE/THETA-0.5
5018,132477,22740,ONLINE/THETA-0.5
17417,521558,22931,ONLINE/THETA-0.5
28432,682250,23239,ONLINE/THETA-0.5
3385,18632,25216,ONLINE/THETA-0.5
11364,344475,25456,ONLINE/THETA-0.5
3169,38946,25686,ONLINE/THETA-0.5
5104,140055,25906,ONLINE/THETA-0.5
14560,208245,26209,ONLINE/THETA-0.5
6435,200030,27434,ONLINE/THETA-0.5
11183,326970,27479,ONLINE/THETA-0.5
4709,91253,27657,ONLINE/THETA-0.5
9483,162291,28943,ONLINE/THETA-0.5
16109,601282,29145,ONLINE/THETA-0.5
4825,78343,29345,ONLINE/THETA-0.5
4509,24824,29509,ONLINE/THETA-0.5
8400,263664,29583,ONLINE/THETA-0.5
26799,1172779,3,OFFLINE/THETA-0.0
17790,382012,25,OFFLINE/THETA-0.0
18480,500709,29,OFFLINE/THETA-0.0
18468,830371,283,OFFLINE/THETA-0.0
13436,557027,531,OFFLINE/THETA-0.0
7078,109017,25,OFFLINE/THETA-0.0
13079,350525,29,OFFLINE/THETA-0.0
48523,915529,296,OFFLINE/THETA-0.0
15840,499453,355,OFFLINE/THETA-0.0
13619,632323,377,OFFLINE/THETA-0.0
12391,475273,387,OFFLINE/THETA-0.0
16455,719529,406,OFFLINE/THETA-0.0
18809,496489,423,OFFLINE/THETA-0.0
9488,289151,429,OFFLINE/THETA-0.0
28809,1005671,523,OFFLINE/THETA-0.0
10198,335137,557,OFFLINE/THETA-0.0
13965,489311,657,OFFLINE/THETA-0.0
34608,1270456,641,OFFLINE/THETA-0.0
10720,583901,726,OFFLINE/THETA-0.0
29280,427419,749,OFFLINE/THETA-0.0
11881,456355,832,OFFLINE/THETA-0.0
15816,366261,843,OFFLINE/THETA-0.0
4081,89499,1065,OFFLINE/THETA-0.0
11985,377327,1142,OFFLINE/THETA-0.0
15778,678589,1204,OFFLINE/THETA-0.0
22805,1012064,1223,OFFLINE/THETA-0.0
11920,456544,1282,OFFLINE/THETA-0.0
84752,3054371,1296,OFFLINE/THETA-0.0
5659,144280,1501,OFFLINE/THETA-0.0
7135,276237,1517,OFFLINE/THETA-0.0
15948,760842,1645,OFFLINE/THETA-0.0
8869,437037,1650,OFFLINE/THETA-0.0
16150,949796,2026,OFFLINE/THETA-0.0
22209,868115,2107,OFFLINE/THETA-0.0
11457,456098,2057,OFFLINE/THETA-0.0
3181,56174,2103,OFFLINE/THETA-0.0
15980,478972,2112,OFFLINE/THETA-0.0
29695,1114207,2179,OFFLINE/THETA-0.0
35268,903674,3020,OFFLINE/THETA-0.0
15030,1084542,3046,OFFLINE/THETA-0.0
174889,1058346,3053,OFFLINE/THETA-0.0
2190,12244,3066,OFFLINE/THETA-0.0
7010,133350,3100,OFFLINE/THETA-0.0
89710,3910260,3158,OFFLINE/THETA-0.0
23969,930268,3177,OFFLINE/THETA-0.0
20366,640811,3196,OFFLINE/THETA-0.0
23846,259192,3201,OFFLINE/THETA-0.0
7949,509726,3279,OFFLINE/THETA-0.0
16244,902927,3349,OFFLINE/THETA-0.0
10540,589457,3383,OFFLINE/THETA-0.0
6427,188123,3384,OFFLINE/THETA-0.0
13869,402940,3387,OFFLINE/THETA-0.0
14531,622882,3407,OFFLINE/THETA-0.0
4332,78705,4667,OFFLINE/THETA-0.0
588,0,5165,OFFLINE/THETA-0.0
4941,184515,5222,OFFLINE/THETA-0.0
1336,0,5520,OFFLINE/THETA-0.0
17184,662467,7618,OFFLINE/THETA-0.0
13335,514322,9055,OFFLINE/THETA-0.0
27713,346377,9635,OFFLINE/THETA-0.0
10898,388721,10053,OFFLINE/THETA-0.0
17963,666328,10152,OFFLINE/THETA-0.0
18527,696435,10182,OFFLINE/THETA-0.0
20672,800196,10371,OFFLINE/THETA-0.0
24702,959573,11037,OFFLINE/THETA-0.0
23894,905220,11062,OFFLINE/THETA-0.0
362,6642,11842,OFFLINE/THETA-0.0
17444,655099,11896,OFFLINE/THETA-0.0
22093,807641,12302,OFFLINE/THETA-0.0
3325,52747,12363,OFFLINE/THETA-0.0
17585,657178,13154,OFFLINE/THETA-0.0
5947,190495,13206,OFFLINE/THETA-0.0
11296,367373,13218,OFFLINE/THETA-0.0
21770,868919,13768,OFFLINE/THETA-0.0
17306,659360,14206,OFFLINE/THETA-0.0
9606,382985,14658,OFFLINE/THETA-0.0
16861,654176,14757,OFFLINE/THETA-0.0
17292,679892,16000,OFFLINE/THETA-0.0
16146,362636,20676,OFFLINE/THETA-0.0
17137,922842,22052,OFFLINE/THETA-0.0
9079,183899,22740,OFFLINE/THETA-0.0
13922,811380,22931,OFFLINE/THETA-0.0
24697,893568,23239,OFFLINE/THETA-0.0
5503,17699,25216,OFFLINE/THETA-0.0
19033,398059,25456,OFFLINE/THETA-0.0
3291,33855,25686,OFFLINE/THETA-0.0
7376,219160,25906,OFFLINE/THETA-0.0
38764,299738,26209,OFFLINE/THETA-0.0
7461,247290,27434,OFFLINE/THETA-0.0
11763,311850,27479,OFFLINE/THETA-0.0
4526,139263,27657,OFFLINE/THETA-0.0
7644,161672,28943,OFFLINE/THETA-0.0
14384,598930,29145,OFFLINE/THETA-0.0
3861,79226,29345,OFFLINE/THETA-0.0
4533,24712,29509,OFFLINE/THETA-0.0
8746,293575,29583,OFFLINE/THETA-0.0
26873,1044878,3,OFFLINE/THETA-0.0
13553,280321,25,OFFLINE/THETA-0.0
17429,376583,29,OFFLINE/THETA-0.0
22126,773499,283,OFFLINE/THETA-0.0
16119,657682,531,OFFLINE/THETA-0.0
8277,143125,25,OFFLINE/THETA-0.0
13327,456091,29,OFFLINE/THETA-0.0
53322,971398,296,OFFLINE/THETA-0.0
14464,540117,355,OFFLINE/THETA-0.0
12786,522002,377,OFFLINE/THETA-0.0
16513,459866,387,OFFLINE/THETA-0.0
27645,1205448,406,OFFLINE/THETA-0.0
21353,654572,423,OFFLINE/THETA-0.0
9503,286288,429,OFFLINE/THETA-0.0
30907,1060103,523,OFFLINE/THETA-0.0
9807,388713,557,OFFLINE/THETA-0.0
15509,444300,657,OFFLINE/THETA-0.0
31262,1263442,641,OFFLINE/THETA-0.0
9494,503283,726,OFFLINE/THETA-0.0
37453,630252,749,OFFLINE/THETA-0.0
14242,584585,832,OFFLINE/THETA-0.0
12705,229693,843,OFFLINE/THETA-0.0
4555,77897,1065,OFFLINE/THETA-0.0
11491,378450,1142,OFFLINE/THETA-0.0
17449,717281,1204,OFFLINE/THETA-0.0
21601,1192568,1223,OFFLINE/THETA-0.0
10995,436905,1282,OFFLINE/THETA-0.0
84538,3042425,1296,OFFLINE/THETA-0.0
5724,129508,1501,OFFLINE/THETA-0.0
7439,290273,1517,OFFLINE/THETA-0.0
19627,1075724,1645,OFFLINE/THETA-0.0
8923,424125,1650,OFFLINE/THETA-0.0
17845,963687,2026,OFFLINE/THETA-0.0
22485,931219,2107,OFFLINE/THETA-0.0
10560,419599,2057,OFFLINE/THETA-0.0
3992,66527,2103,OFFLINE/THETA-0.0
15765,449359,2112,OFFLINE/THETA-0.0
28164,1052700,2179,OFFLINE/THETA-0.0
41836,1042408,3020,OFFLINE/THETA-0.0
14868,801438,3046,OFFLINE/THETA-0.0
177816,873711,3053,OFFLINE/THETA-0.0
2187,14167,3066,OFFLINE/THETA-0.0
7110,172733,3100,OFFLINE/THETA-0.0
90259,3685762,3158,OFFLINE/THETA-0.0
30690,893319,3177,OFFLINE/THETA-0.0
25038,635602,3196,OFFLINE/THETA-0.0
13007,298218,3201,OFFLINE/THETA-0.0
8538,405743,3279,OFFLINE/THETA-0.0
17232,900291,3349,OFFLINE/THETA-0.0
13710,590872,3383,OFFLINE/THETA-0.0
7967,237995,3384,OFFLINE/THETA-0.0
16275,455130,3387,OFFLINE/THETA-0.0
16841,617355,3407,OFFLINE/THETA-0.0
5176,81432,4667,OFFLINE/THETA-0.0
619,2298,5165,OFFLINE/THETA-0.0
5144,183493,5222,OFFLINE/THETA-0.0
1353,560,5520,OFFLINE/THETA-0.0
23032,706102,7618,OFFLINE/THETA-0.0
14371,479564,9055,OFFLINE/THETA-0.0
13214,400549,9635,OFFLINE/THETA-0.0
12104,356835,10053,OFFLINE/THETA-0.0
17800,588247,10152,OFFLINE/THETA-0.0
19480,660935,10182,OFFLINE/THETA-0.0
22657,753645,10371,OFFLINE/THETA-0.0
22778,799793,11037,OFFLINE/THETA-0.0
20531,676449,11062,OFFLINE/THETA-0.0
427,0,11842,OFFLINE/THETA-0.0
17919,632796,11896,OFFLINE/THETA-0.0
23142,786334,12302,OFFLINE/THETA-0.0
4854,45849,12363,OFFLINE/THETA-0.0
18349,652175,13154,OFFLINE/THETA-0.0
6444,151627,13206,OFFLINE/THETA-0.0
11495,334916,13218,OFFLINE/THETA-0.0
23209,831042,13768,OFFLINE/THETA-0.0
18554,607348,14206,OFFLINE/THETA-0.0
10613,341215,14658,OFFLINE/THETA-0.0
17614,590154,14757,OFFLINE/THETA-0.0
17539,619501,16000,OFFLINE/THETA-0.0
18268,385543,20676,OFFLINE/THETA-0.0
19028,1014105,22052,OFFLINE/THETA-0.0
6518,129300,22740,OFFLINE/THETA-0.0
12134,628494,22931,OFFLINE/THETA-0.0
54191,938167,23239,OFFLINE/THETA-0.0
4613,24299,25216,OFFLINE/THETA-0.0
18339,458314,25456,OFFLINE/THETA-0.0
4304,35801,25686,OFFLINE/THETA-0.0
6557,176420,25906,OFFLINE/THETA-0.0
7926,193358,26209,OFFLINE/THETA-0.0
7603,232767,27434,OFFLINE/THETA-0.0
13171,331270,27479,OFFLINE/THETA-0.0
3972,122636,27657,OFFLINE/THETA-0.0
8243,133719,28943,OFFLINE/THETA-0.0
18369,621543,29145,OFFLINE/THETA-0.0
4071,78815,29345,OFFLINE/THETA-0.0
9262,28276,29509,OFFLINE/THETA-0.0
8616,269923,29583,OFFLINE/THETA-0.0
31583,1739553,3046,OFFLINE/THETA-0.0
178178,1476079,3053,OFFLINE/THETA-0.0
4820,98925,3066,OFFLINE/THETA-0.0
6599,107638,3100,OFFLINE/THETA-0.0
89264,3764494,3158,OFFLINE/THETA-0.0
27199,1066937,3177,OFFLINE/THETA-0.0
21492,627217,3196,OFFLINE/THETA-0.0
11795,287815,3201,OFFLINE/THETA-0.0
8744,598361,3279,OFFLINE/THETA-0.0
16734,904713,3349,OFFLINE/THETA-0.0
12163,457760,3383,OFFLINE/THETA-0.0
8128,252496,3384,OFFLINE/THETA-0.0
14585,413945,3387,OFFLINE/THETA-0.0
39916,662048,3407,OFFLINE/THETA-0.0
5379,110553,4667,OFFLINE/THETA-0.0
1207,0,5165,OFFLINE/THETA-0.0
7093,136466,5222,OFFLINE/THETA-0.0
1430,0,5520,OFFLINE/THETA-0.0
21050,593503,7618,OFFLINE/THETA-0.0
23362,398962,9055,OFFLINE/THETA-0.0
13522,471690,9635,OFFLINE/THETA-0.0
10246,367338,10053,OFFLINE/THETA-0.0
17462,676817,10152,OFFLINE/THETA-0.0
18539,719187,10182,OFFLINE/THETA-0.0
21824,835645,10371,OFFLINE/THETA-0.0
24658,750033,11037,OFFLINE/THETA-0.0
18914,724327,11062,OFFLINE/THETA-0.0
411,7060,11842,OFFLINE/THETA-0.0
17772,666874,11896,OFFLINE/THETA-0.0
22740,864326,12302,OFFLINE/THETA-0.0
3502,29716,12363,OFFLINE/THETA-0.0
22650,854954,13154,OFFLINE/THETA-0.0
6896,240111,13206,OFFLINE/THETA-0.0
12395,422168,13218,OFFLINE/THETA-0.0
22271,905886,13768,OFFLINE/THETA-0.0
18021,701264,14206,OFFLINE/THETA-0.0
9363,364105,14658,OFFLINE/THETA-0.0
17511,695904,14757,OFFLINE/THETA-0.0
17846,718248,16000,OFFLINE/THETA-0.0
16046,409296,20676,OFFLINE/THETA-0.0
20112,900473,22052,OFFLINE/THETA-0.0
7699,140121,22740,OFFLINE/THETA-0.0
16647,857876,22931,OFFLINE/THETA-0.0
24064,958535,23239,OFFLINE/THETA-0.0
4042,19697,25216,OFFLINE/THETA-0.0
29268,1095570,3,OFFLINE/THETA-0.0
12310,250795,25,OFFLINE/THETA-0.0
18662,506815,29,OFFLINE/THETA-0.0
18426,870392,283,OFFLINE/THETA-0.0
14081,576710,531,OFFLINE/THETA-0.0
8526,187101,25,OFFLINE/THETA-0.0
13736,426273,29,OFFLINE/THETA-0.0
53356,1090001,296,OFFLINE/THETA-0.0
12424,504868,355,OFFLINE/THETA-0.0
16519,621904,377,OFFLINE/THETA-0.0
12569,510637,387,OFFLINE/THETA-0.0
16090,685078,406,OFFLINE/THETA-0.0
17449,469485,423,OFFLINE/THETA-0.0
9158,293146,429,OFFLINE/THETA-0.0
30099,1053807,523,OFFLINE/THETA-0.0
9525,379009,557,OFFLINE/THETA-0.0
14446,596251,657,OFFLINE/THETA-0.0
31089,1214610,641,OFFLINE/THETA-0.0
9263,523737,726,OFFLINE/THETA-0.0
30062,494322,749,OFFLINE/THETA-0.0
11069,478277,832,OFFLINE/THETA-0.0
11124,262363,843,OFFLINE/THETA-0.0
4964,74938,1065,OFFLINE/THETA-0.0
10578,386562,1142,OFFLINE/THETA-0.0
16540,711470,1204,OFFLINE/THETA-0.0
16672,894841,1223,OFFLINE/THETA-0.0
11081,459595,1282,OFFLINE/THETA-0.0
83639,2948914,1296,OFFLINE/THETA-0.0
5490,141442,1501,OFFLINE/THETA-0.0
12146,409552,1517,OFFLINE/THETA-0.0
11176,615440,1645,OFFLINE/THETA-0.0
7743,369033,1650,OFFLINE/THETA-0.0
15902,909272,2026,OFFLINE/THETA-0.0
21868,872201,2107,OFFLINE/THETA-0.0
10646,439931,2057,OFFLINE/THETA-0.0
3386,57561,2103,OFFLINE/THETA-0.0
15693,472358,2112,OFFLINE/THETA-0.0
29452,1081273,2179,OFFLINE/THETA-0.0
38419,1012644,3020,OFFLINE/THETA-0.0
31442,636945,25456,OFFLINE/THETA-0.0
6830,75131,25686,OFFLINE/THETA-0.0
13131,380578,25906,OFFLINE/THETA-0.0
16016,460387,26209,OFFLINE/THETA-0.0
16835,490149,27434,OFFLINE/THETA-0.0
19117,544585,27479,OFFLINE/THETA-0.0
5691,173322,27657,OFFLINE/THETA-0.0
10908,200579,28943,OFFLINE/THETA-0.0
20696,879852,29145,OFFLINE/THETA-0.0
5728,102027,29345,OFFLINE/THETA-0.0
6549,44813,29509,OFFLINE/THETA-0.0
29138,409541,29583,OFFLINE/THETA-0.0
27739,1357050,3,OFFLINE/THETA-0.0
12943,270256,25,OFFLINE/THETA-0.0
17111,482967,29,OFFLINE/THETA-0.0
17990,884696,283,OFFLINE/THETA-0.0
13479,647692,531,OFFLINE/THETA-0.0
7306,141882,25,OFFLINE/THETA-0.0
13024,366109,29,OFFLINE/THETA-0.0
44298,963988,296,OFFLINE/THETA-0.0
15000,629779,355,OFFLINE/THETA-0.0
12812,591139,377,OFFLINE/THETA-0.0
13176,490560,387,OFFLINE/THETA-0.0
36712,755185,406,OFFLINE/THETA-0.0
18909,536457,423,OFFLINE/THETA-0.0
9599,287077,429,OFFLINE/THETA-0.0
29200,1041395,523,OFFLINE/THETA-0.0
9632,347324,557,OFFLINE/THETA-0.0
13186,455516,657,OFFLINE/THETA-0.0
31650,1240985,641,OFFLINE/THETA-0.0
9270,503199,726,OFFLINE/THETA-0.0
33034,443489,749,OFFLINE/THETA-0.0
12099,545471,832,OFFLINE/THETA-0.0
13250,295540,843,OFFLINE/THETA-0.0
4600,89063,1065,OFFLINE/THETA-0.0
11525,367124,1142,OFFLINE/THETA-0.0
15122,668712,1204,OFFLINE/THETA-0.0
17827,958933,1223,OFFLINE/THETA-0.0
10899,420951,1282,OFFLINE/THETA-0.0
84452,3051684,1296,OFFLINE/THETA-0.0
5088,137767,1501,OFFLINE/THETA-0.0
12174,423392,1517,OFFLINE/THETA-0.0
11958,663169,1645,OFFLINE/THETA-0.0
8882,404023,1650,OFFLINE/THETA-0.0
16295,885536,2026,OFFLINE/THETA-0.0
20974,830223,2107,OFFLINE/THETA-0.0
11247,486713,2057,OFFLINE/THETA-0.0
3291,54514,2103,OFFLINE/THETA-0.0
15272,446482,2112,OFFLINE/THETA-0.0
29289,1091086,2179,OFFLINE/THETA-0.0
41470,1163998,3020,OFFLINE/THETA-0.0
31053,1729726,3046,OFFLINE/THETA-0.0
178203,1273343,3053,OFFLINE/THETA-0.0
4041,30553,3066,OFFLINE/THETA-0.0
7222,229659,3100,OFFLINE/THETA-0.0
90769,3923368,3158,OFFLINE/THETA-0.0
33388,1032596,3177,OFFLINE/THETA-0.0
23419,668990,3196,OFFLINE/THETA-0.0
10049,265038,3201,OFFLINE/THETA-0.0
8279,559598,3279,OFFLINE/THETA-0.0
17679,876027,3349,OFFLINE/THETA-0.0
12345,613730,3383,OFFLINE/THETA-0.0
8205,215411,3384,OFFLINE/THETA-0.0
13921,436292,3387,OFFLINE/THETA-0.0
16681,712228,3407,OFFLINE/THETA-0.0
5200,98092,4667,OFFLINE/THETA-0.0
664,0,5165,OFFLINE/THETA-0.0
5473,200122,5222,OFFLINE/THETA-0.0
1468,0,5520,OFFLINE/THETA-0.0
23079,874249,7618,OFFLINE/THETA-0.0
14443,513293,9055,OFFLINE/THETA-0.0
12366,474380,9635,OFFLINE/THETA-0.0
10681,352814,10053,OFFLINE/THETA-0.0
17198,597278,10152,OFFLINE/THETA-0.0
24119,552001,10182,OFFLINE/THETA-0.0
22375,827190,10371,OFFLINE/THETA-0.0
22843,892488,11037,OFFLINE/THETA-0.0
19105,719990,11062,OFFLINE/THETA-0.0
403,7667,11842,OFFLINE/THETA-0.0
18091,708187,11896,OFFLINE/THETA-0.0
23163,853628,12302,OFFLINE/THETA-0.0
3403,38786,12363,OFFLINE/THETA-0.0
17715,682142,13154,OFFLINE/THETA-0.0
6565,219709,13206,OFFLINE/THETA-0.0
12505,388850,13218,OFFLINE/THETA-0.0
22694,865710,13768,OFFLINE/THETA-0.0
17937,685178,14206,OFFLINE/THETA-0.0
9141,352635,14658,OFFLINE/THETA-0.0
17244,674806,14757,OFFLINE/THETA-0.0
17489,706657,16000,OFFLINE/THETA-0.0
16439,415840,20676,OFFLINE/THETA-0.0
19478,899484,22052,OFFLINE/THETA-0.0
6312,191114,22740,OFFLINE/THETA-0.0
14026,763038,22931,OFFLINE/THETA-0.0
27091,1055222,23239,OFFLINE/THETA-0.0
3732,22114,25216,OFFLINE/THETA-0.0
30193,669094,25456,OFFLINE/THETA-0.0
6914,70525,25686,OFFLINE/THETA-0.0
11572,344022,25906,OFFLINE/THETA-0.0
13169,436590,26209,OFFLINE/THETA-0.0
14996,383314,27434,OFFLINE/THETA-0.0
14471,418870,27479,OFFLINE/THETA-0.0
5643,159786,27657,OFFLINE/THETA-0.0
9183,194445,28943,OFFLINE/THETA-0.0
20382,790013,29145,OFFLINE/THETA-0.0
5469,112435,29345,OFFLINE/THETA-0.0
6619,52461,29509,OFFLINE/THETA-0.0
15361,450018,29583,OFFLINE/THETA-0.0
26570,1387079,3,OFFLINE/THETA-0.0
12382,245299,25,OFFLINE/THETA-0.0
16698,459734,29,OFFLINE/THETA-0.0
17222,850843,283,OFFLINE/THETA-0.0
15996,777235,531,OFFLINE/THETA-0.0
7935,136236,25,OFFLINE/THETA-0.0
12012,330616,29,OFFLINE/THETA-0.0
52070,1020392,296,OFFLINE/THETA-0.0
12716,537984,355,OFFLINE/THETA-0.0
12906,577391,377,OFFLINE/THETA-0.0
12528,471638,387,OFFLINE/THETA-0.0
18034,842742,406,OFFLINE/THETA-0.0
20895,465417,423,OFFLINE/THETA-0.0
9765,290353,429,OFFLINE/THETA-0.0
28816,990309,523,OFFLINE/THETA-0.0
9713,405818,557,OFFLINE/THETA-0.0
15258,473147,657,OFFLINE/THETA-0.0
32162,1270706,641,OFFLINE/THETA-0.0
14279,747376,726,OFFLINE/THETA-0.0
30128,455000,749,OFFLINE/THETA-0.0
13701,501885,832,OFFLINE/THETA-0.0
17179,342832,843,OFFLINE/THETA-0.0
5574,108865,1065,OFFLINE/THETA-0.0
11726,372267,1142,OFFLINE/THETA-0.0
15468,657610,1204,OFFLINE/THETA-0.0
17783,1026755,1223,OFFLINE/THETA-0.0
10686,403799,1282,OFFLINE/THETA-0.0
85465,3100128,1296,OFFLINE/THETA-0.0
6230,152641,1501,OFFLINE/THETA-0.0
7911,326211,1517,OFFLINE/THETA-0.0
10643,562719,1645,OFFLINE/THETA-0.0
6989,347216,1650,OFFLINE/THETA-0.0
17220,934737,2026,OFFLINE/THETA-0.0
21481,830487,2107,OFFLINE/THETA-0.0
11316,480463,2057,OFFLINE/THETA-0.0
2992,48576,2103,OFFLINE/THETA-0.0
16832,474721,2112,OFFLINE/THETA-0.0
32726,1203263,2179,OFFLINE/THETA-0.0
38399,945031,3020,OFFLINE/THETA-0.0
32163,695558,25456,OFFLINE/THETA-0.0
7490,70471,25686,OFFLINE/THETA-0.0
11885,329109,25906,OFFLINE/THETA-0.0
18442,477088,26209,OFFLINE/THETA-0.0
14915,466812,27434,OFFLINE/THETA-0.0
16080,320521,27479,OFFLINE/THETA-0.0
6027,163934,27657,OFFLINE/THETA-0.0
11871,174189,28943,OFFLINE/THETA-0.0
18850,866912,29145,OFFLINE/THETA-0.0
5651,87172,29345,OFFLINE/THETA-0.0
6544,62284,29509,OFFLINE/THETA-0.0
12824,398135,29583,OFFLINE/THETA-0.0
30296,1695187,3046,OFFLINE/THETA-0.0
175082,1351092,3053,OFFLINE/THETA-0.0
3988,66428,3066,OFFLINE/THETA-0.0
7648,164223,3100,OFFLINE/THETA-0.0
90076,3831015,3158,OFFLINE/THETA-0.0
28066,1077152,3177,OFFLINE/THETA-0.0
21115,657304,3196,OFFLINE/THETA-0.0
10969,308710,3201,OFFLINE/THETA-0.0
9251,626617,3279,OFFLINE/THETA-0.0
17398,853938,3349,OFFLINE/THETA-0.0
12025,477664,3383,OFFLINE/THETA-0.0
8003,250523,3384,OFFLINE/THETA-0.0
13609,444416,3387,OFFLINE/THETA-0.0
16239,664578,3407,OFFLINE/THETA-0.0
4739,83971,4667,OFFLINE/THETA-0.0
642,0,5165,OFFLINE/THETA-0.0
5383,191824,5222,OFFLINE/THETA-0.0
2040,1268,5520,OFFLINE/THETA-0.0
21988,815230,7618,OFFLINE/THETA-0.0
14261,525139,9055,OFFLINE/THETA-0.0
11885,466729,9635,OFFLINE/THETA-0.0
10352,347127,10053,OFFLINE/THETA-0.0
17169,646925,10152,OFFLINE/THETA-0.0
18292,716305,10182,OFFLINE/THETA-0.0
21178,829329,10371,OFFLINE/THETA-0.0
21882,854670,11037,OFFLINE/THETA-0.0
19131,717989,11062,OFFLINE/THETA-0.0
402,7503,11842,OFFLINE/THETA-0.0
17000,656466,11896,OFFLINE/THETA-0.0
22346,849677,12302,OFFLINE/THETA-0.0
2900,35844,12363,OFFLINE/THETA-0.0
17155,671583,13154,OFFLINE/THETA-0.0
6330,228564,13206,OFFLINE/THETA-0.0
11309,326752,13218,OFFLINE/THETA-0.0
21769,881680,13768,OFFLINE/THETA-0.0
17270,665133,14206,OFFLINE/THETA-0.0
8918,347044,14658,OFFLINE/THETA-0.0
17421,694199,14757,OFFLINE/THETA-0.0
17033,676701,16000,OFFLINE/THETA-0.0
16156,386004,20676,OFFLINE/THETA-0.0
18617,1033340,22052,OFFLINE/THETA-0.0
5648,190634,22740,OFFLINE/THETA-0.0
14608,735409,22931,OFFLINE/THETA-0.0
24241,986469,23239,OFFLINE/THETA-0.0
3592,18350,25216,OFFLINE/THETA-0.0
24584,1044877,3,OFFLINE/THETA-0.25
14641,324296,25,OFFLINE/THETA-0.25
15937,390356,29,OFFLINE/THETA-0.25
14684,582741,283,OFFLINE/THETA-0.25
14083,526160,531,OFFLINE/THETA-0.25
6985,128844,25,OFFLINE/THETA-0.25
14420,349303,29,OFFLINE/THETA-0.25
52773,1031293,296,OFFLINE/THETA-0.25
15477,472936,355,OFFLINE/THETA-0.25
20313,376168,377,OFFLINE/THETA-0.25
12854,440168,387,OFFLINE/THETA-0.25
16341,596172,406,OFFLINE/THETA-0.25
19274,340581,423,OFFLINE/THETA-0.25
9981,210969,429,OFFLINE/THETA-0.25
35130,974205,523,OFFLINE/THETA-0.25
9484,296050,557,OFFLINE/THETA-0.25
13071,386655,657,OFFLINE/THETA-0.25
32189,1060340,641,OFFLINE/THETA-0.25
8994,306575,726,OFFLINE/THETA-0.25
30161,348608,749,OFFLINE/THETA-0.25
10875,363449,832,OFFLINE/THETA-0.25
12160,190614,843,OFFLINE/THETA-0.25
4390,69458,1065,OFFLINE/THETA-0.25
15661,440344,1142,OFFLINE/THETA-0.25
16027,519644,1204,OFFLINE/THETA-0.25
18095,677264,1223,OFFLINE/THETA-0.25
10891,324787,1282,OFFLINE/THETA-0.25
83171,2818437,1296,OFFLINE/THETA-0.25
6182,102725,1501,OFFLINE/THETA-0.25
8469,205410,1517,OFFLINE/THETA-0.25
10279,396168,1645,OFFLINE/THETA-0.25
7346,292865,1650,OFFLINE/THETA-0.25
25622,740757,2026,OFFLINE/THETA-0.25
31528,655699,2107,OFFLINE/THETA-0.25
21954,301311,2057,OFFLINE/THETA-0.25
3437,49950,2103,OFFLINE/THETA-0.25
17186,438608,2112,OFFLINE/THETA-0.25
41388,922457,2179,OFFLINE/THETA-0.25
37574,744475,3020,OFFLINE/THETA-0.25
12505,738922,3046,OFFLINE/THETA-0.25
171378,829599,3053,OFFLINE/THETA-0.25
2361,13179,3066,OFFLINE/THETA-0.25
5172,120890,3100,OFFLINE/THETA-0.25
94752,2862270,3158,OFFLINE/THETA-0.25
25780,798048,3177,OFFLINE/THETA-0.25
31555,448585,3196,OFFLINE/THETA-0.25
7600,202616,3201,OFFLINE/THETA-0.25
6926,167267,3279,OFFLINE/THETA-0.25
22521,913739,3349,OFFLINE/THETA-0.25
13616,515898,3383,OFFLINE/THETA-0.25
6549,199326,3384,OFFLINE/THETA-0.25
13595,391202,3387,OFFLINE/THETA-0.25
18029,583641,3407,OFFLINE/THETA-0.25
4992,83828,4667,OFFLINE/THETA-0.25
573,0,5165,OFFLINE/THETA-0.25
5068,112668,5222,OFFLINE/THETA-0.25
1433,0,5520,OFFLINE/THETA-0.25
19650,595167,7618,OFFLINE/THETA-0.25
12995,427339,9055,OFFLINE/THETA-0.25
12201,362004,9635,OFFLINE/THETA-0.25
19418,251472,10053,OFFLINE/THETA-0.25
20399,547837,10152,OFFLINE/THETA-0.25
23696,662150,10182,OFFLINE/THETA-0.25
24003,664413,10371,OFFLINE/THETA-0.25
24444,698578,11037,OFFLINE/THETA-0.25
22481,597349,11062,OFFLINE/THETA-0.25
368,5312,11842,OFFLINE/THETA-0.25
21409,576696,11896,OFFLINE/THETA-0.25
23098,666970,12302,OFFLINE/THETA-0.25
3447,37828,12363,OFFLINE/THETA-0.25
20396,561671,13154,OFFLINE/THETA-0.25
6799,189624,13206,OFFLINE/THETA-0.25
11616,337298,13218,OFFLINE/THETA-0.25
24316,742248,13768,OFFLINE/THETA-0.25
19388,526540,14206,OFFLINE/THETA-0.25
9497,262096,14658,OFFLINE/THETA-0.25
18712,567452,14757,OFFLINE/THETA-0.25
18986,595702,16000,OFFLINE/THETA-0.25
21458,376335,20676,OFFLINE/THETA-0.25
18690,817266,22052,OFFLINE/THETA-0.25
5874,146618,22740,OFFLINE/THETA-0.25
17178,303130,22931,OFFLINE/THETA-0.25
29146,553398,23239,OFFLINE/THETA-0.25
3830,20863,25216,OFFLINE/THETA-0.25
13523,277793,25456,OFFLINE/THETA-0.25
3665,43753,25686,OFFLINE/THETA-0.25
5649,92749,25906,OFFLINE/THETA-0.25
8212,183176,26209,OFFLINE/THETA-0.25
5710,127928,27434,OFFLINE/THETA-0.25
12197,292057,27479,OFFLINE/THETA-0.25
5187,62961,27657,OFFLINE/THETA-0.25
7801,151485,28943,OFFLINE/THETA-0.25
19610,316518,29145,OFFLINE/THETA-0.25
4820,29144,29345,OFFLINE/THETA-0.25
5399,24528,29509,OFFLINE/THETA-0.25
7418,158882,29583,OFFLINE/THETA-0.25
26512,988253,3,OFFLINE/THETA-0.25
13157,244816,25,OFFLINE/THETA-0.25
17304,402377,29,OFFLINE/THETA-0.25
28524,640022,283,OFFLINE/THETA-0.25
20834,549438,531,OFFLINE/THETA-0.25
10302,173756,25,OFFLINE/THETA-0.25
15952,407457,29,OFFLINE/THETA-0.25
53729,939132,296,OFFLINE/THETA-0.25
18242,574244,355,OFFLINE/THETA-0.25
19725,391188,377,OFFLINE/THETA-0.25
16033,519297,387,OFFLINE/THETA-0.25
16549,611132,406,OFFLINE/THETA-0.25
19232,331952,423,OFFLINE/THETA-0.25
9200,206052,429,OFFLINE/THETA-0.25
34903,949021,523,OFFLINE/THETA-0.25
10604,326564,557,OFFLINE/THETA-0.25
18351,526386,657,OFFLINE/THETA-0.25
32709,1078341,641,OFFLINE/THETA-0.25
10009,314127,726,OFFLINE/THETA-0.25
30222,344483,749,OFFLINE/THETA-0.25
10435,347875,832,OFFLINE/THETA-0.25
12186,194207,843,OFFLINE/THETA-0.25
4452,59435,1065,OFFLINE/THETA-0.25
10206,306150,1142,OFFLINE/THETA-0.25
15915,530760,1204,OFFLINE/THETA-0.25
17375,651450,1223,OFFLINE/THETA-0.25
12347,396306,1282,OFFLINE/THETA-0.25
86482,2873172,1296,OFFLINE/THETA-0.25
5837,108091,1501,OFFLINE/THETA-0.25
7050,187693,1517,OFFLINE/THETA-0.25
10616,415338,1645,OFFLINE/THETA-0.25
7951,315633,1650,OFFLINE/THETA-0.25
25695,902218,2026,OFFLINE/THETA-0.25
31628,737459,2107,OFFLINE/THETA-0.25
11311,337946,2057,OFFLINE/THETA-0.25
3118,40412,2103,OFFLINE/THETA-0.25
16317,441026,2112,OFFLINE/THETA-0.25
40380,904986,2179,OFFLINE/THETA-0.25
37686,732513,3020,OFFLINE/THETA-0.25
14869,824224,3046,OFFLINE/THETA-0.25
177150,915456,3053,OFFLINE/THETA-0.25
2538,11810,3066,OFFLINE/THETA-0.25
5307,118396,3100,OFFLINE/THETA-0.25
96045,2943460,3158,OFFLINE/THETA-0.25
32944,662818,3177,OFFLINE/THETA-0.25
35479,430207,3196,OFFLINE/THETA-0.25
8064,214450,3201,OFFLINE/THETA-0.25
6329,136810,3279,OFFLINE/THETA-0.25
19913,965006,3349,OFFLINE/THETA-0.25
14242,481698,3383,OFFLINE/THETA-0.25
7341,183187,3384,OFFLINE/THETA-0.25
13194,367129,3387,OFFLINE/THETA-0.25
15758,513734,3407,OFFLINE/THETA-0.25
4648,82406,4667,OFFLINE/THETA-0.25
608,0,5165,OFFLINE/THETA-0.25
4928,121095,5222,OFFLINE/THETA-0.25
1356,3,5520,OFFLINE/THETA-0.25
47967,560246,7618,OFFLINE/THETA-0.25
17811,605859,9055,OFFLINE/THETA-0.25
12584,370540,9635,OFFLINE/THETA-0.25
18833,280803,10053,OFFLINE/THETA-0.25
19623,537972,10152,OFFLINE/THETA-0.25
20877,566676,10182,OFFLINE/THETA-0.25
24061,685739,10371,OFFLINE/THETA-0.25
27664,783048,11037,OFFLINE/THETA-0.25
22790,621585,11062,OFFLINE/THETA-0.25
493,2362,11842,OFFLINE/THETA-0.25
19822,540979,11896,OFFLINE/THETA-0.25
24003,692411,12302,OFFLINE/THETA-0.25
2831,34802,12363,OFFLINE/THETA-0.25
20346,546443,13154,OFFLINE/THETA-0.25
5635,138734,13206,OFFLINE/THETA-0.25
11557,323847,13218,OFFLINE/THETA-0.25
24329,736118,13768,OFFLINE/THETA-0.25
19738,544173,14206,OFFLINE/THETA-0.25
9865,251934,14658,OFFLINE/THETA-0.25
18200,537288,14757,OFFLINE/THETA-0.25
18469,553085,16000,OFFLINE/THETA-0.25
21783,356709,20676,OFFLINE/THETA-0.25
18772,857205,22052,OFFLINE/THETA-0.25
5924,110573,22740,OFFLINE/THETA-0.25
12826,501731,22931,OFFLINE/THETA-0.25
25697,735726,23239,OFFLINE/THETA-0.25
3295,18312,25216,OFFLINE/THETA-0.25
12750,366262,25456,OFFLINE/THETA-0.25
3927,53217,25686,OFFLINE/THETA-0.25
5335,137756,25906,OFFLINE/THETA-0.25
8067,223660,26209,OFFLINE/THETA-0.25
6432,165022,27434,OFFLINE/THETA-0.25
12001,297112,27479,OFFLINE/THETA-0.25
4635,95334,27657,OFFLINE/THETA-0.25
7897,153426,28943,OFFLINE/THETA-0.25
14511,520553,29145,OFFLINE/THETA-0.25
4680,75619,29345,OFFLINE/THETA-0.25
4592,40217,29509,OFFLINE/THETA-0.25
8169,228002,29583,OFFLINE/THETA-0.25
33224,713829,25456,OFFLINE/THETA-0.25
7609,80082,25686,OFFLINE/THETA-0.25
11274,266209,25906,OFFLINE/THETA-0.25
16459,432851,26209,OFFLINE/THETA-0.25
14495,280639,27434,OFFLINE/THETA-0.25
16780,361758,27479,OFFLINE/THETA-0.25
6302,106650,27657,OFFLINE/THETA-0.25
12684,289120,28943,OFFLINE/THETA-0.25
18039,547685,29145,OFFLINE/THETA-0.25
5211,69010,29345,OFFLINE/THETA-0.25
5546,36103,29509,OFFLINE/THETA-0.25
10773,302313,29583,OFFLINE/THETA-0.25
32119,1592998,3046,OFFLINE/THETA-0.25
181462,1094151,3053,OFFLINE/THETA-0.25
3498,18531,3066,OFFLINE/THETA-0.25
5137,87184,3100,OFFLINE/THETA-0.25
97879,3082896,3158,OFFLINE/THETA-0.25
27484,869445,3177,OFFLINE/THETA-0.25
32996,482461,3196,OFFLINE/THETA-0.25
12196,304908,3201,OFFLINE/THETA-0.25
7378,166434,3279,OFFLINE/THETA-0.25
18634,913730,3349,OFFLINE/THETA-0.25
14730,481765,3383,OFFLINE/THETA-0.25
9225,210651,3384,OFFLINE/THETA-0.25
18788,528809,3387,OFFLINE/THETA-0.25
17105,474199,3407,OFFLINE/THETA-0.25
5049,88858,4667,OFFLINE/THETA-0.25
967,0,5165,OFFLINE/THETA-0.25
6107,138283,5222,OFFLINE/THETA-0.25
1589,0,5520,OFFLINE/THETA-0.25
18263,533288,7618,OFFLINE/THETA-0.25
14780,477621,9055,OFFLINE/THETA-0.25
11601,321803,9635,OFFLINE/THETA-0.25
18865,258722,10053,OFFLINE/THETA-0.25
20117,528896,10152,OFFLINE/THETA-0.25
21826,584636,10182,OFFLINE/THETA-0.25
25924,727894,10371,OFFLINE/THETA-0.25
25238,699049,11037,OFFLINE/THETA-0.25
22303,586369,11062,OFFLINE/THETA-0.25
404,5734,11842,OFFLINE/THETA-0.25
20083,513147,11896,OFFLINE/THETA-0.25
23174,668842,12302,OFFLINE/THETA-0.25
4214,64756,12363,OFFLINE/THETA-0.25
19512,523220,13154,OFFLINE/THETA-0.25
7236,185182,13206,OFFLINE/THETA-0.25
12162,333679,13218,OFFLINE/THETA-0.25
26525,696199,13768,OFFLINE/THETA-0.25
19787,535433,14206,OFFLINE/THETA-0.25
9933,223190,14658,OFFLINE/THETA-0.25
18371,499873,14757,OFFLINE/THETA-0.25
19361,556845,16000,OFFLINE/THETA-0.25
21696,363750,20676,OFFLINE/THETA-0.25
18525,764384,22052,OFFLINE/THETA-0.25
5883,122937,22740,OFFLINE/THETA-0.25
12097,496011,22931,OFFLINE/THETA-0.25
26453,734790,23239,OFFLINE/THETA-0.25
3474,9802,25216,OFFLINE/THETA-0.25
24930,996161,3,OFFLINE/THETA-0.25
12898,251257,25,OFFLINE/THETA-0.25
15601,387537,29,OFFLINE/THETA-0.25
18564,691932,283,OFFLINE/THETA-0.25
15323,594881,531,OFFLINE/THETA-0.25
8011,136449,25,OFFLINE/THETA-0.25
12594,291655,29,OFFLINE/THETA-0.25
72092,849098,296,OFFLINE/THETA-0.25
14344,480992,355,OFFLINE/THETA-0.25
20097,387900,377,OFFLINE/THETA-0.25
13350,442190,387,OFFLINE/THETA-0.25
15955,597959,406,OFFLINE/THETA-0.25
18216,347065,423,OFFLINE/THETA-0.25
9546,213964,429,OFFLINE/THETA-0.25
34244,949104,523,OFFLINE/THETA-0.25
9384,322902,557,OFFLINE/THETA-0.25
14411,427974,657,OFFLINE/THETA-0.25
33000,1070235,641,OFFLINE/THETA-0.25
8700,317174,726,OFFLINE/THETA-0.25
29664,340446,749,OFFLINE/THETA-0.25
9565,348707,832,OFFLINE/THETA-0.25
11127,175995,843,OFFLINE/THETA-0.25
4099,80572,1065,OFFLINE/THETA-0.25
14230,394449,1142,OFFLINE/THETA-0.25
16539,530771,1204,OFFLINE/THETA-0.25
17300,615375,1223,OFFLINE/THETA-0.25
12392,408523,1282,OFFLINE/THETA-0.25
85672,2842219,1296,OFFLINE/THETA-0.25
5636,88450,1501,OFFLINE/THETA-0.25
7493,218586,1517,OFFLINE/THETA-0.25
10860,412183,1645,OFFLINE/THETA-0.25
7749,303843,1650,OFFLINE/THETA-0.25
24938,718393,2026,OFFLINE/THETA-0.25
31303,703202,2107,OFFLINE/THETA-0.25
11086,349400,2057,OFFLINE/THETA-0.25
3118,40609,2103,OFFLINE/THETA-0.25
15685,424330,2112,OFFLINE/THETA-0.25
40127,886799,2179,OFFLINE/THETA-0.25
36491,714360,3020,OFFLINE/THETA-0.25
31228,1522022,3046,OFFLINE/THETA-0.25
174843,1139640,3053,OFFLINE/THETA-0.25
4324,35149,3066,OFFLINE/THETA-0.25
5511,69072,3100,OFFLINE/THETA-0.25
98609,2996838,3158,OFFLINE/THETA-0.25
28953,882358,3177,OFFLINE/THETA-0.25
34763,516959,3196,OFFLINE/THETA-0.25
14098,335408,3201,OFFLINE/THETA-0.25
7350,146226,3279,OFFLINE/THETA-0.25
21334,1008337,3349,OFFLINE/THETA-0.25
15765,483256,3383,OFFLINE/THETA-0.25
9010,175907,3384,OFFLINE/THETA-0.25
16235,435117,3387,OFFLINE/THETA-0.25
16439,532041,3407,OFFLINE/THETA-0.25
5144,82205,4667,OFFLINE/THETA-0.25
647,0,5165,OFFLINE/THETA-0.25
6257,134660,5222,OFFLINE/THETA-0.25
1464,0,5520,OFFLINE/THETA-0.25
19498,569567,7618,OFFLINE/THETA-0.25
14847,504639,9055,OFFLINE/THETA-0.25
45508,338399,9635,OFFLINE/THETA-0.25
19182,269308,10053,OFFLINE/THETA-0.25
20465,554185,10152,OFFLINE/THETA-0.25
20685,572011,10182,OFFLINE/THETA-0.25
24467,669136,10371,OFFLINE/THETA-0.25
25050,697269,11037,OFFLINE/THETA-0.25
23169,621004,11062,OFFLINE/THETA-0.25
418,0,11842,OFFLINE/THETA-0.25
23990,690610,11896,OFFLINE/THETA-0.25
24866,694436,12302,OFFLINE/THETA-0.25
3254,49939,12363,OFFLINE/THETA-0.25
20351,539580,13154,OFFLINE/THETA-0.25
10605,272062,13206,OFFLINE/THETA-0.25
13917,284595,13218,OFFLINE/THETA-0.25
31412,839082,13768,OFFLINE/THETA-0.25
19717,525339,14206,OFFLINE/THETA-0.25
9734,262844,14658,OFFLINE/THETA-0.25
21041,609883,14757,OFFLINE/THETA-0.25
18806,545408,16000,OFFLINE/THETA-0.25
22275,406180,20676,OFFLINE/THETA-0.25
17942,792972,22052,OFFLINE/THETA-0.25
5298,140725,22740,OFFLINE/THETA-0.25
13623,532917,22931,OFFLINE/THETA-0.25
25835,758088,23239,OFFLINE/THETA-0.25
3652,18558,25216,OFFLINE/THETA-0.25
31178,617293,25456,OFFLINE/THETA-0.25
6812,63986,25686,OFFLINE/THETA-0.25
10590,248695,25906,OFFLINE/THETA-0.25
30029,417200,26209,OFFLINE/THETA-0.25
15704,434493,27434,OFFLINE/THETA-0.25
15331,385563,27479,OFFLINE/THETA-0.25
5491,115173,27657,OFFLINE/THETA-0.25
16114,377036,28943,OFFLINE/THETA-0.25
19869,694022,29145,OFFLINE/THETA-0.25
5146,80969,29345,OFFLINE/THETA-0.25
5714,25283,29509,OFFLINE/THETA-0.25
8308,246717,29583,OFFLINE/THETA-0.25
25434,1133385,3,OFFLINE/THETA-0.25
17465,354754,25,OFFLINE/THETA-0.25
17231,414046,29,OFFLINE/THETA-0.25
16587,639063,283,OFFLINE/THETA-0.25
15964,598516,531,OFFLINE/THETA-0.25
9718,87827,25,OFFLINE/THETA-0.25
18043,233298,29,OFFLINE/THETA-0.25
50730,937533,296,OFFLINE/THETA-0.25
17669,536581,355,OFFLINE/THETA-0.25
19611,373040,377,OFFLINE/THETA-0.25
15119,427157,387,OFFLINE/THETA-0.25
15786,626056,406,OFFLINE/THETA-0.25
19462,354573,423,OFFLINE/THETA-0.25
9846,222960,429,OFFLINE/THETA-0.25
34830,951679,523,OFFLINE/THETA-0.25
10147,364255,557,OFFLINE/THETA-0.25
15156,439489,657,OFFLINE/THETA-0.25
32320,1077086,641,OFFLINE/THETA-0.25
8707,322205,726,OFFLINE/THETA-0.25
28890,316880,749,OFFLINE/THETA-0.25
13421,573850,832,OFFLINE/THETA-0.25
10735,191866,843,OFFLINE/THETA-0.25
3972,70530,1065,OFFLINE/THETA-0.25
10986,330778,1142,OFFLINE/THETA-0.25
16134,525888,1204,OFFLINE/THETA-0.25
16471,672183,1223,OFFLINE/THETA-0.25
10329,311931,1282,OFFLINE/THETA-0.25
83474,2785690,1296,OFFLINE/THETA-0.25
5466,103405,1501,OFFLINE/THETA-0.25
7550,148933,1517,OFFLINE/THETA-0.25
14829,699440,1645,OFFLINE/THETA-0.25
9387,383797,1650,OFFLINE/THETA-0.25
25082,742416,2026,OFFLINE/THETA-0.25
31471,683763,2107,OFFLINE/THETA-0.25
10688,311432,2057,OFFLINE/THETA-0.25
3488,44895,2103,OFFLINE/THETA-0.25
17611,441328,2112,OFFLINE/THETA-0.25
42491,970668,2179,OFFLINE/THETA-0.25
35772,722773,3020,OFFLINE/THETA-0.25
28174,1258469,3,OFFLINE/THETA-0.25
12622,236650,25,OFFLINE/THETA-0.25
17454,390702,29,OFFLINE/THETA-0.25
18687,710441,283,OFFLINE/THETA-0.25
12859,450846,531,OFFLINE/THETA-0.25
8658,140444,25,OFFLINE/THETA-0.25
13960,348156,29,OFFLINE/THETA-0.25
48605,969210,296,OFFLINE/THETA-0.25
16514,448279,355,OFFLINE/THETA-0.25
21200,360582,377,OFFLINE/THETA-0.25
13072,477589,387,OFFLINE/THETA-0.25
18067,628705,406,OFFLINE/THETA-0.25
18503,353870,423,OFFLINE/THETA-0.25
9541,210384,429,OFFLINE/THETA-0.25
34604,950594,523,OFFLINE/THETA-0.25
10167,296319,557,OFFLINE/THETA-0.25
13583,427364,657,OFFLINE/THETA-0.25
31962,1068800,641,OFFLINE/THETA-0.25
8677,314748,726,OFFLINE/THETA-0.25
29738,334917,749,OFFLINE/THETA-0.25
11140,369128,832,OFFLINE/THETA-0.25
11317,198020,843,OFFLINE/THETA-0.25
4626,71231,1065,OFFLINE/THETA-0.25
9610,277448,1142,OFFLINE/THETA-0.25
15640,527105,1204,OFFLINE/THETA-0.25
17142,654341,1223,OFFLINE/THETA-0.25
11961,367838,1282,OFFLINE/THETA-0.25
86229,2872467,1296,OFFLINE/THETA-0.25
5575,117522,1501,OFFLINE/THETA-0.25
7896,200256,1517,OFFLINE/THETA-0.25
11994,460474,1645,OFFLINE/THETA-0.25
7339,303681,1650,OFFLINE/THETA-0.25
26739,876144,2026,OFFLINE/THETA-0.25
31093,690468,2107,OFFLINE/THETA-0.25
11262,343702,2057,OFFLINE/THETA-0.25
3433,37809,2103,OFFLINE/THETA-0.25
16611,450263,2112,OFFLINE/THETA-0.25
40655,929553,2179,OFFLINE/THETA-0.25
35827,722731,3020,OFFLINE/THETA-0.25
32376,1514232,3046,OFFLINE/THETA-0.25
182489,1162608,3053,OFFLINE/THETA-0.25
3995,35129,3066,OFFLINE/THETA-0.25
5530,78950,3100,OFFLINE/THETA-0.25
97317,2920177,3158,OFFLINE/THETA-0.25
37709,823305,3177,OFFLINE/THETA-0.25
32848,405941,3196,OFFLINE/THETA-0.25
10170,225167,3201,OFFLINE/THETA-0.25
6901,162937,3279,OFFLINE/THETA-0.25
23883,1068140,3349,OFFLINE/THETA-0.25
15050,504900,3383,OFFLINE/THETA-0.25
7944,167872,3384,OFFLINE/THETA-0.25
18574,455480,3387,OFFLINE/THETA-0.25
17242,561549,3407,OFFLINE/THETA-0.25
4776,69614,4667,OFFLINE/THETA-0.25
675,2304,5165,OFFLINE/THETA-0.25
5426,104805,5222,OFFLINE/THETA-0.25
1432,0,5520,OFFLINE/THETA-0.25
46792,547602,7618,OFFLINE/THETA-0.25
15026,535612,9055,OFFLINE/THETA-0.25
12198,336646,9635,OFFLINE/THETA-0.25
18487,271150,10053,OFFLINE/THETA-0.25
23164,641009,10152,OFFLINE/THETA-0.25
20324,570306,10182,OFFLINE/THETA-0.25
23793,655108,10371,OFFLINE/THETA-0.25
24798,685358,11037,OFFLINE/THETA-0.25
22477,595277,11062,OFFLINE/THETA-0.25
407,2364,11842,OFFLINE/THETA-0.25
19721,532007,11896,OFFLINE/THETA-0.25
23232,661922,12302,OFFLINE/THETA-0.25
3128,34990,12363,OFFLINE/THETA-0.25
20275,514176,13154,OFFLINE/THETA-0.25
7453,136780,13206,OFFLINE/THETA-0.25
11719,311445,13218,OFFLINE/THETA-0.25
23823,703427,13768,OFFLINE/THETA-0.25
19080,536560,14206,OFFLINE/THETA-0.25
12060,308758,14658,OFFLINE/THETA-0.25
18907,594744,14757,OFFLINE/THETA-0.25
19093,565548,16000,OFFLINE/THETA-0.25
21259,347180,20676,OFFLINE/THETA-0.25
20058,863184,22052,OFFLINE/THETA-0.25
6139,147314,22740,OFFLINE/THETA-0.25
13272,551833,22931,OFFLINE/THETA-0.25
25346,731684,23239,OFFLINE/THETA-0.25
3761,10935,25216,OFFLINE/THETA-0.25
31458,670174,25456,OFFLINE/THETA-0.25
7612,73265,25686,OFFLINE/THETA-0.25
11401,296288,25906,OFFLINE/THETA-0.25
15396,530424,26209,OFFLINE/THETA-0.25
13624,379833,27434,OFFLINE/THETA-0.25
15764,384420,27479,OFFLINE/THETA-0.25
5526,103731,27657,OFFLINE/THETA-0.25
15057,328441,28943,OFFLINE/THETA-0.25
17327,608226,29145,OFFLINE/THETA-0.25
5508,71266,29345,OFFLINE/THETA-0.25
5356,36705,29509,OFFLINE/THETA-0.25
9918,300826,29583,OFFLINE/THETA-0.25
28404,1183903,3,OFFLINE/THETA-0.5
13777,259472,25,OFFLINE/THETA-0.5
16128,311285,29,OFFLINE/THETA-0.5
19081,651324,283,OFFLINE/THETA-0.5
15269,485226,531,OFFLINE/THETA-0.5
8663,163226,25,OFFLINE/THETA-0.5
13718,273602,29,OFFLINE/THETA-0.5
50080,824573,296,OFFLINE/THETA-0.5
34689,274772,355,OFFLINE/THETA-0.5
21039,351597,377,OFFLINE/THETA-0.5
17310,462192,387,OFFLINE/THETA-0.5
18647,522179,406,OFFLINE/THETA-0.5
18526,291409,423,OFFLINE/THETA-0.5
9996,176254,429,OFFLINE/THETA-0.5
41542,935377,523,OFFLINE/THETA-0.5
9334,266672,557,OFFLINE/THETA-0.5
17682,481209,657,OFFLINE/THETA-0.5
33599,1029750,641,OFFLINE/THETA-0.5
8891,216349,726,OFFLINE/THETA-0.5
33351,262794,749,OFFLINE/THETA-0.5
10836,313153,832,OFFLINE/THETA-0.5
10733,164191,843,OFFLINE/THETA-0.5
4025,69600,1065,OFFLINE/THETA-0.5
11585,231807,1142,OFFLINE/THETA-0.5
16783,497515,1204,OFFLINE/THETA-0.5
17074,517555,1223,OFFLINE/THETA-0.5
11752,315322,1282,OFFLINE/THETA-0.5
91678,2786198,1296,OFFLINE/THETA-0.5
5882,103296,1501,OFFLINE/THETA-0.5
7616,152660,1517,OFFLINE/THETA-0.5
10938,356906,1645,OFFLINE/THETA-0.5
7090,168646,1650,OFFLINE/THETA-0.5
33239,712121,2026,OFFLINE/THETA-0.5
32007,828066,2107,OFFLINE/THETA-0.5
11926,252844,2057,OFFLINE/THETA-0.5
3677,35034,2103,OFFLINE/THETA-0.5
16480,399690,2112,OFFLINE/THETA-0.5
39924,827442,2179,OFFLINE/THETA-0.5
36538,665984,3020,OFFLINE/THETA-0.5
14970,575449,3046,OFFLINE/THETA-0.5
190992,910511,3053,OFFLINE/THETA-0.5
2375,1840,3066,OFFLINE/THETA-0.5
4560,61705,3100,OFFLINE/THETA-0.5
96501,2882489,3158,OFFLINE/THETA-0.5
28658,884287,3177,OFFLINE/THETA-0.5
33283,402841,3196,OFFLINE/THETA-0.5
9493,215242,3201,OFFLINE/THETA-0.5
7771,165804,3279,OFFLINE/THETA-0.5
18923,654652,3349,OFFLINE/THETA-0.5
12791,336140,3383,OFFLINE/THETA-0.5
6217,138280,3384,OFFLINE/THETA-0.5
17457,402893,3387,OFFLINE/THETA-0.5
17215,474514,3407,OFFLINE/THETA-0.5
4572,69241,4667,OFFLINE/THETA-0.5
595,0,5165,OFFLINE/THETA-0.5
6199,100770,5222,OFFLINE/THETA-0.5
1314,0,5520,OFFLINE/THETA-0.5
20007,530870,7618,OFFLINE/THETA-0.5
14092,387806,9055,OFFLINE/THETA-0.5
13182,301997,9635,OFFLINE/THETA-0.5
18378,256987,10053,OFFLINE/THETA-0.5
25947,504266,10152,OFFLINE/THETA-0.5
27349,520867,10182,OFFLINE/THETA-0.5
33071,699583,10371,OFFLINE/THETA-0.5
33759,690941,11037,OFFLINE/THETA-0.5
29904,585435,11062,OFFLINE/THETA-0.5
359,4800,11842,OFFLINE/THETA-0.5
27146,512554,11896,OFFLINE/THETA-0.5
30802,620260,12302,OFFLINE/THETA-0.5
3337,35012,12363,OFFLINE/THETA-0.5
26692,487154,13154,OFFLINE/THETA-0.5
6461,125484,13206,OFFLINE/THETA-0.5
13570,339770,13218,OFFLINE/THETA-0.5
30741,696829,13768,OFFLINE/THETA-0.5
26910,501030,14206,OFFLINE/THETA-0.5
10230,210460,14658,OFFLINE/THETA-0.5
25207,518485,14757,OFFLINE/THETA-0.5
24800,499578,16000,OFFLINE/THETA-0.5
20965,346271,20676,OFFLINE/THETA-0.5
17594,519252,22052,OFFLINE/THETA-0.5
5726,109471,22740,OFFLINE/THETA-0.5
12812,373315,22931,OFFLINE/THETA-0.5
31155,559937,23239,OFFLINE/THETA-0.5
3956,19628,25216,OFFLINE/THETA-0.5
15472,429764,25456,OFFLINE/THETA-0.5
3731,30329,25686,OFFLINE/THETA-0.5
5620,109116,25906,OFFLINE/THETA-0.5
7857,188269,26209,OFFLINE/THETA-0.5
7358,160659,27434,OFFLINE/THETA-0.5
13004,295411,27479,OFFLINE/THETA-0.5
4700,86769,27657,OFFLINE/THETA-0.5
8291,139612,28943,OFFLINE/THETA-0.5
12923,340754,29145,OFFLINE/THETA-0.5
4527,44326,29345,OFFLINE/THETA-0.5
4803,30582,29509,OFFLINE/THETA-0.5
7303,213200,29583,OFFLINE/THETA-0.5
25878,1061386,3,OFFLINE/THETA-0.5
16751,296475,25,OFFLINE/THETA-0.5
17145,276109,29,OFFLINE/THETA-0.5
20244,724252,283,OFFLINE/THETA-0.5
14433,415328,531,OFFLINE/THETA-0.5
7136,105607,25,OFFLINE/THETA-0.5
14052,283415,29,OFFLINE/THETA-0.5
49768,764783,296,OFFLINE/THETA-0.5
15437,360358,355,OFFLINE/THETA-0.5
20323,350424,377,OFFLINE/THETA-0.5
11533,334142,387,OFFLINE/THETA-0.5
17804,481648,406,OFFLINE/THETA-0.5
17608,295618,423,OFFLINE/THETA-0.5
10536,168572,429,OFFLINE/THETA-0.5
40239,934747,523,OFFLINE/THETA-0.5
9414,268981,557,OFFLINE/THETA-0.5
13617,356981,657,OFFLINE/THETA-0.5
33717,982686,641,OFFLINE/THETA-0.5
9261,216687,726,OFFLINE/THETA-0.5
29258,211142,749,OFFLINE/THETA-0.5
10738,306224,832,OFFLINE/THETA-0.5
11320,175953,843,OFFLINE/THETA-0.5
4072,52873,1065,OFFLINE/THETA-0.5
21817,204830,1142,OFFLINE/THETA-0.5
15920,490456,1204,OFFLINE/THETA-0.5
17826,514332,1223,OFFLINE/THETA-0.5
10499,262082,1282,OFFLINE/THETA-0.5
97146,2872099,1296,OFFLINE/THETA-0.5
5603,72189,1501,OFFLINE/THETA-0.5
6987,126296,1517,OFFLINE/THETA-0.5
10271,316402,1645,OFFLINE/THETA-0.5
7060,196395,1650,OFFLINE/THETA-0.5
27010,812279,2026,OFFLINE/THETA-0.5
32249,693146,2107,OFFLINE/THETA-0.5
11859,268961,2057,OFFLINE/THETA-0.5
3023,25260,2103,OFFLINE/THETA-0.5
16810,435815,2112,OFFLINE/THETA-0.5
40078,839969,2179,OFFLINE/THETA-0.5
37490,709610,3020,OFFLINE/THETA-0.5
17994,929623,3046,OFFLINE/THETA-0.5
173505,787408,3053,OFFLINE/THETA-0.5
2143,6211,3066,OFFLINE/THETA-0.5
4857,61395,3100,OFFLINE/THETA-0.5
94670,2802208,3158,OFFLINE/THETA-0.5
25937,732168,3177,OFFLINE/THETA-0.5
30411,386326,3196,OFFLINE/THETA-0.5
13470,308344,3201,OFFLINE/THETA-0.5
6976,148646,3279,OFFLINE/THETA-0.5
17197,762981,3349,OFFLINE/THETA-0.5
13088,256250,3383,OFFLINE/THETA-0.5
6503,119981,3384,OFFLINE/THETA-0.5
11640,273035,3387,OFFLINE/THETA-0.5
16811,470230,3407,OFFLINE/THETA-0.5
4770,73032,4667,OFFLINE/THETA-0.5
584,6208,5165,OFFLINE/THETA-0.5
5587,93534,5222,OFFLINE/THETA-0.5
1450,0,5520,OFFLINE/THETA-0.5
19548,502337,7618,OFFLINE/THETA-0.5
13017,352597,9055,OFFLINE/THETA-0.5
13614,294446,9635,OFFLINE/THETA-0.5
18411,254162,10053,OFFLINE/THETA-0.5
26235,505072,10152,OFFLINE/THETA-0.5
27690,527944,10182,OFFLINE/THETA-0.5
30111,600855,10371,OFFLINE/THETA-0.5
32544,637205,11037,OFFLINE/THETA-0.5
29295,566920,11062,OFFLINE/THETA-0.5
392,5310,11842,OFFLINE/THETA-0.5
25884,482320,11896,OFFLINE/THETA-0.5
29883,613138,12302,OFFLINE/THETA-0.5
3255,47330,12363,OFFLINE/THETA-0.5
26732,490800,13154,OFFLINE/THETA-0.5
6695,106677,13206,OFFLINE/THETA-0.5
12382,292913,13218,OFFLINE/THETA-0.5
31352,662134,13768,OFFLINE/THETA-0.5
28786,549445,14206,OFFLINE/THETA-0.5
10567,212508,14658,OFFLINE/THETA-0.5
24662,487043,14757,OFFLINE/THETA-0.5
24032,486555,16000,OFFLINE/THETA-0.5
20635,402557,20676,OFFLINE/THETA-0.5
16539,498086,22052,OFFLINE/THETA-0.5
5973,113034,22740,OFFLINE/THETA-0.5
13448,369000,22931,OFFLINE/THETA-0.5
30553,566336,23239,OFFLINE/THETA-0.5
3274,16318,25216,OFFLINE/THETA-0.5
13127,367784,25456,OFFLINE/THETA-0.5
3388,39336,25686,OFFLINE/THETA-0.5
5494,107136,25906,OFFLINE/THETA-0.5
7489,189130,26209,OFFLINE/THETA-0.5
7331,150042,27434,OFFLINE/THETA-0.5
11797,294261,27479,OFFLINE/THETA-0.5
4697,78160,27657,OFFLINE/THETA-0.5
7737,141077,28943,OFFLINE/THETA-0.5
12820,327628,29145,OFFLINE/THETA-0.5
4016,46225,29345,OFFLINE/THETA-0.5
5683,30598,29509,OFFLINE/THETA-0.5
7635,202094,29583,OFFLINE/THETA-0.5
32353,1390001,3046,OFFLINE/THETA-0.5
179614,1115467,3053,OFFLINE/THETA-0.5
4108,14061,3066,OFFLINE/THETA-0.5
10609,39663,3100,OFFLINE/THETA-0.5
185497,2573602,3158,OFFLINE/THETA-0.5
105296,611729,3177,OFFLINE/THETA-0.5
30984,304869,3196,OFFLINE/THETA-0.5
35839,117360,3201,OFFLINE/THETA-0.5
7999,98636,3279,OFFLINE/THETA-0.5
21245,697849,3349,OFFLINE/THETA-0.5
12394,321642,3383,OFFLINE/THETA-0.5
7086,139566,3384,OFFLINE/THETA-0.5
12517,307061,3387,OFFLINE/THETA-0.5
20127,343345,3407,OFFLINE/THETA-0.5
5958,71363,4667,OFFLINE/THETA-0.5
660,0,5165,OFFLINE/THETA-0.5
6015,92058,5222,OFFLINE/THETA-0.5
1594,186,5520,OFFLINE/THETA-0.5
20221,505137,7618,OFFLINE/THETA-0.5
13635,360163,9055,OFFLINE/THETA-0.5
12396,289909,9635,OFFLINE/THETA-0.5
18369,251234,10053,OFFLINE/THETA-0.5
26843,502594,10152,OFFLINE/THETA-0.5
27503,512308,10182,OFFLINE/THETA-0.5
30373,607287,10371,OFFLINE/THETA-0.5
31409,632431,11037,OFFLINE/THETA-0.5
28724,554819,11062,OFFLINE/THETA-0.5
386,5100,11842,OFFLINE/THETA-0.5
26684,531549,11896,OFFLINE/THETA-0.5
36698,648633,12302,OFFLINE/THETA-0.5
3149,39448,12363,OFFLINE/THETA-0.5
26622,481701,13154,OFFLINE/THETA-0.5
6463,104348,13206,OFFLINE/THETA-0.5
12437,308316,13218,OFFLINE/THETA-0.5
31870,727167,13768,OFFLINE/THETA-0.5
26210,485029,14206,OFFLINE/THETA-0.5
9883,217454,14658,OFFLINE/THETA-0.5
25255,502294,14757,OFFLINE/THETA-0.5
27407,558111,16000,OFFLINE/THETA-0.5
35168,313760,20676,OFFLINE/THETA-0.5
19498,608677,22052,OFFLINE/THETA-0.5
6114,107837,22740,OFFLINE/THETA-0.5
26724,256402,22931,OFFLINE/THETA-0.5
33219,446104,23239,OFFLINE/THETA-0.5
3755,11368,25216,OFFLINE/THETA-0.5
25326,785838,3,OFFLINE/THETA-0.5
17145,324036,25,OFFLINE/THETA-0.5
16321,331435,29,OFFLINE/THETA-0.5
18053,586703,283,OFFLINE/THETA-0.5
15295,478896,531,OFFLINE/THETA-0.5
8576,153737,25,OFFLINE/THETA-0.5
16048,221008,29,OFFLINE/THETA-0.5
52411,725085,296,OFFLINE/THETA-0.5
13205,290378,355,OFFLINE/THETA-0.5
19548,352623,377,OFFLINE/THETA-0.5
13854,386362,387,OFFLINE/THETA-0.5
17573,550557,406,OFFLINE/THETA-0.5
18726,290266,423,OFFLINE/THETA-0.5
10193,173449,429,OFFLINE/THETA-0.5
41789,954123,523,OFFLINE/THETA-0.5
9260,264878,557,OFFLINE/THETA-0.5
13032,318163,657,OFFLINE/THETA-0.5
32597,979711,641,OFFLINE/THETA-0.5
9064,221376,726,OFFLINE/THETA-0.5
29356,254138,749,OFFLINE/THETA-0.5
10296,307592,832,OFFLINE/THETA-0.5
11214,118651,843,OFFLINE/THETA-0.5
4550,60071,1065,OFFLINE/THETA-0.5
10726,203162,1142,OFFLINE/THETA-0.5
17627,531465,1204,OFFLINE/THETA-0.5
17309,484869,1223,OFFLINE/THETA-0.5
11598,326174,1282,OFFLINE/THETA-0.5
90655,2721910,1296,OFFLINE/THETA-0.5
5502,88909,1501,OFFLINE/THETA-0.5
7121,148313,1517,OFFLINE/THETA-0.5
13368,417346,1645,OFFLINE/THETA-0.5
7553,228915,1650,OFFLINE/THETA-0.5
25271,779273,2026,OFFLINE/THETA-0.5
41480,633185,2107,OFFLINE/THETA-0.5
12552,202934,2057,OFFLINE/THETA-0.5
4727,35290,2103,OFFLINE/THETA-0.5
16775,349468,2112,OFFLINE/THETA-0.5
40074,787672,2179,OFFLINE/THETA-0.5
35579,627483,3020,OFFLINE/THETA-0.5
35000,660535,25456,OFFLINE/THETA-0.5
7526,56424,25686,OFFLINE/THETA-0.5
11516,266683,25906,OFFLINE/THETA-0.5
14487,399989,26209,OFFLINE/THETA-0.5
13563,323710,27434,OFFLINE/THETA-0.5
18007,410410,27479,OFFLINE/THETA-0.5
5729,91258,27657,OFFLINE/THETA-0.5
9060,135318,28943,OFFLINE/THETA-0.5
16476,520382,29145,OFFLINE/THETA-0.5
5187,47598,29345,OFFLINE/THETA-0.5
5876,29850,29509,OFFLINE/THETA-0.5
32552,167347,29583,OFFLINE/THETA-0.5
33171,1429216,3046,OFFLINE/THETA-0.5
179070,1101022,3053,OFFLINE/THETA-0.5
4246,16858,3066,OFFLINE/THETA-0.5
5432,51079,3100,OFFLINE/THETA-0.5
97239,2854356,3158,OFFLINE/THETA-0.5
29206,816952,3177,OFFLINE/THETA-0.5
31694,361446,3196,OFFLINE/THETA-0.5
8888,196161,3201,OFFLINE/THETA-0.5
6768,157509,3279,OFFLINE/THETA-0.5
20184,713676,3349,OFFLINE/THETA-0.5
15732,401661,3383,OFFLINE/THETA-0.5
7019,147406,3384,OFFLINE/THETA-0.5
16662,364714,3387,OFFLINE/THETA-0.5
17080,478853,3407,OFFLINE/THETA-0.5
4954,68568,4667,OFFLINE/THETA-0.5
1120,0,5165,OFFLINE/THETA-0.5
5690,94653,5222,OFFLINE/THETA-0.5
1422,0,5520,OFFLINE/THETA-0.5
33689,470166,7618,OFFLINE/THETA-0.5
14701,422082,9055,OFFLINE/THETA-0.5
18502,246321,9635,OFFLINE/THETA-0.5
21646,258452,10053,OFFLINE/THETA-0.5
26344,492638,10152,OFFLINE/THETA-0.5
26770,522846,10182,OFFLINE/THETA-0.5
31631,670805,10371,OFFLINE/THETA-0.5
36828,689141,11037,OFFLINE/THETA-0.5
29709,585666,11062,OFFLINE/THETA-0.5
381,0,11842,OFFLINE/THETA-0.5
26425,496036,11896,OFFLINE/THETA-0.5
30434,622622,12302,OFFLINE/THETA-0.5
3293,43170,12363,OFFLINE/THETA-0.5
26910,494855,13154,OFFLINE/THETA-0.5
6476,114788,13206,OFFLINE/THETA-0.5
12449,323386,13218,OFFLINE/THETA-0.5
30257,684131,13768,OFFLINE/THETA-0.5
26148,483594,14206,OFFLINE/THETA-0.5
10690,203739,14658,OFFLINE/THETA-0.5
29054,537805,14757,OFFLINE/THETA-0.5
29852,650037,16000,OFFLINE/THETA-0.5
54320,371711,20676,OFFLINE/THETA-0.5
19183,588753,22052,OFFLINE/THETA-0.5
6099,117385,22740,OFFLINE/THETA-0.5
15459,477461,22931,OFFLINE/THETA-0.5
30830,541762,23239,OFFLINE/THETA-0.5
3729,15624,25216,OFFLINE/THETA-0.5
25444,1006330,3,OFFLINE/THETA-0.5
18366,322868,25,OFFLINE/THETA-0.5
16941,336426,29,OFFLINE/THETA-0.5
18481,612491,283,OFFLINE/THETA-0.5
14076,405609,531,OFFLINE/THETA-0.5
7970,135323,25,OFFLINE/THETA-0.5
12529,229255,29,OFFLINE/THETA-0.5
53189,835340,296,OFFLINE/THETA-0.5
13102,274229,355,OFFLINE/THETA-0.5
19277,326026,377,OFFLINE/THETA-0.5
13354,393729,387,OFFLINE/THETA-0.5
18527,511842,406,OFFLINE/THETA-0.5
18035,299192,423,OFFLINE/THETA-0.5
9086,177057,429,OFFLINE/THETA-0.5
40575,935844,523,OFFLINE/THETA-0.5
8986,253396,557,OFFLINE/THETA-0.5
13531,339867,657,OFFLINE/THETA-0.5
32968,999692,641,OFFLINE/THETA-0.5
9535,227168,726,OFFLINE/THETA-0.5
32307,226753,749,OFFLINE/THETA-0.5
10508,309349,832,OFFLINE/THETA-0.5
12399,208601,843,OFFLINE/THETA-0.5
4701,55789,1065,OFFLINE/THETA-0.5
10856,221614,1142,OFFLINE/THETA-0.5
17024,468124,1204,OFFLINE/THETA-0.5
17788,523591,1223,OFFLINE/THETA-0.5
10899,272342,1282,OFFLINE/THETA-0.5
91685,2778882,1296,OFFLINE/THETA-0.5
5068,78921,1501,OFFLINE/THETA-0.5
7240,148281,1517,OFFLINE/THETA-0.5
11169,354938,1645,OFFLINE/THETA-0.5
7426,218213,1650,OFFLINE/THETA-0.5
30821,617408,2026,OFFLINE/THETA-0.5
32692,724262,2107,OFFLINE/THETA-0.5
12957,289980,2057,OFFLINE/THETA-0.5
3179,28591,2103,OFFLINE/THETA-0.5
16901,416848,2112,OFFLINE/THETA-0.5
41913,828508,2179,OFFLINE/THETA-0.5
42183,719888,3020,OFFLINE/THETA-0.5
30847,569567,25456,OFFLINE/THETA-0.5
7298,72150,25686,OFFLINE/THETA-0.5
12484,295130,25906,OFFLINE/THETA-0.5
14181,352496,26209,OFFLINE/THETA-0.5
10140,212970,27434,OFFLINE/THETA-0.5
14775,349393,27479,OFFLINE/THETA-0.5
5086,79945,27657,OFFLINE/THETA-0.5
9930,177450,28943,OFFLINE/THETA-0.5
20744,499167,29145,OFFLINE/THETA-0.5
5502,48645,29345,OFFLINE/THETA-0.5
8045,89286,29509,OFFLINE/THETA-0.5
11940,344094,29583,OFFLINE/THETA-0.5
29973,612231,25456,OFFLINE/THETA-0.5
7051,67641,25686,OFFLINE/THETA-0.5
11951,277431,25906,OFFLINE/THETA-0.5
15079,324952,26209,OFFLINE/THETA-0.5
16061,303387,27434,OFFLINE/THETA-0.5
16637,355582,27479,OFFLINE/THETA-0.5
5836,83746,27657,OFFLINE/THETA-0.5
12019,202422,28943,OFFLINE/THETA-0.5
14699,373338,29145,OFFLINE/THETA-0.5
5444,48317,29345,OFFLINE/THETA-0.5
5785,29389,29509,OFFLINE/THETA-0.5
11425,298785,29583,OFFLINE/THETA-0.5
33237,1450690,3046,OFFLINE/THETA-0.5
179339,1021242,3053,OFFLINE/THETA-0.5
29508,120471,3066,OFFLINE/THETA-0.5
5638,54020,3100,OFFLINE/THETA-0.5
96432,2786794,3158,OFFLINE/THETA-0.5
28023,762088,3177,OFFLINE/THETA-0.5
32342,429791,3196,OFFLINE/THETA-0.5
15017,359411,3201,OFFLINE/THETA-0.5
9238,131686,3279,OFFLINE/THETA-0.5
18387,853269,3349,OFFLINE/THETA-0.5
13554,336875,3383,OFFLINE/THETA-0.5
7723,171200,3384,OFFLINE/THETA-0.5
12824,316453,3387,OFFLINE/THETA-0.5
15735,408575,3407,OFFLINE/THETA-0.5
4725,69406,4667,OFFLINE/THETA-0.5
629,0,5165,OFFLINE/THETA-0.5
6023,92244,5222,OFFLINE/THETA-0.5
1466,0,5520,OFFLINE/THETA-0.5
20903,495159,7618,OFFLINE/THETA-0.5
14267,393395,9055,OFFLINE/THETA-0.5
11987,295002,9635,OFFLINE/THETA-0.5
18684,278801,10053,OFFLINE/THETA-0.5
26272,484873,10152,OFFLINE/THETA-0.5
26947,518015,10182,OFFLINE/THETA-0.5
30216,611105,10371,OFFLINE/THETA-0.5
32477,654479,11037,OFFLINE/THETA-0.5
28258,556842,11062,OFFLINE/THETA-0.5
384,0,11842,OFFLINE/THETA-0.5
27147,502909,11896,OFFLINE/THETA-0.5
29192,589574,12302,OFFLINE/THETA-0.5
2868,25691,12363,OFFLINE/THETA-0.5
27034,497000,13154,OFFLINE/THETA-0.5
6574,101632,13206,OFFLINE/THETA-0.5
12271,271953,13218,OFFLINE/THETA-0.5
30241,638207,13768,OFFLINE/THETA-0.5
26284,496460,14206,OFFLINE/THETA-0.5
9831,216031,14658,OFFLINE/THETA-0.5
26500,501407,14757,OFFLINE/THETA-0.5
25333,503809,16000,OFFLINE/THETA-0.5
21733,350995,20676,OFFLINE/THETA-0.5
17578,523857,22052,OFFLINE/THETA-0.5
5446,120902,22740,OFFLINE/THETA-0.5
13668,396069,22931,OFFLINE/THETA-0.5
33452,633392,23239,OFFLINE/THETA-0.5
36900,17987,25216,OFFLINE/THETA-0.5
25399,969152,3,OFFLINE/THETA-0.5
13010,236287,25,OFFLINE/THETA-0.5
16268,336818,29,OFFLINE/THETA-0.5
18965,667303,283,OFFLINE/THETA-0.5
14887,486446,531,OFFLINE/THETA-0.5
8223,128485,25,OFFLINE/THETA-0.5
13335,272689,29,OFFLINE/THETA-0.5
52846,670810,296,OFFLINE/THETA-0.5
16890,414315,355,OFFLINE/THETA-0.5
23881,436843,377,OFFLINE/THETA-0.5
12699,356671,387,OFFLINE/THETA-0.5
17584,487537,406,OFFLINE/THETA-0.5
18193,278830,423,OFFLINE/THETA-0.5
9987,171844,429,OFFLINE/THETA-0.5
40820,930083,523,OFFLINE/THETA-0.5
9094,275217,557,OFFLINE/THETA-0.5
15240,391120,657,OFFLINE/THETA-0.5
32844,1027470,641,OFFLINE/THETA-0.5
8541,222248,726,OFFLINE/THETA-0.5
28352,208167,749,OFFLINE/THETA-0.5
10164,316160,832,OFFLINE/THETA-0.5
11640,170821,843,OFFLINE/THETA-0.5
4055,58306,1065,OFFLINE/THETA-0.5
12794,242447,1142,OFFLINE/THETA-0.5
16328,470199,1204,OFFLINE/THETA-0.5
17049,486657,1223,OFFLINE/THETA-0.5
11736,293254,1282,OFFLINE/THETA-0.5
95032,2878428,1296,OFFLINE/THETA-0.5
5389,90118,1501,OFFLINE/THETA-0.5
6582,138707,1517,OFFLINE/THETA-0.5
10636,351648,1645,OFFLINE/THETA-0.5
7550,193567,1650,OFFLINE/THETA-0.5
25448,731170,2026,OFFLINE/THETA-0.5
30360,668355,2107,OFFLINE/THETA-0.5
11365,260072,2057,OFFLINE/THETA-0.5
3254,31586,2103,OFFLINE/THETA-0.5
15915,389133,2112,OFFLINE/THETA-0.5
39475,824695,2179,OFFLINE/THETA-0.5
35858,687188,3020,OFFLINE/THETA-0.5
33666,218288,3,VANILLA
16821,418894,25,VANILLA
16685,458459,29,VANILLA
16833,502971,283,VANILLA
14552,457220,531,VANILLA
9596,339112,25,VANILLA
11111,387182,29,VANILLA
44487,1676837,296,VANILLA
14527,532032,355,VANILLA
13784,536486,377,VANILLA
11873,480583,387,VANILLA
18022,764852,406,VANILLA
19898,861327,423,VANILLA
9134,391274,429,VANILLA
30249,1474542,523,VANILLA
9605,440980,557,VANILLA
16948,842133,657,VANILLA
30209,1642933,641,VANILLA
10821,566574,726,VANILLA
28857,1674908,749,VANILLA
12328,701814,832,VANILLA
15207,876242,843,VANILLA
3933,179428,1065,VANILLA
10606,588561,1142,VANILLA
18314,1118077,1204,VANILLA
19058,1153008,1223,VANILLA
9670,574329,1282,VANILLA
84192,5723702,1296,VANILLA
8889,565165,1501,VANILLA
7397,459464,1517,VANILLA
10575,693031,1645,VANILLA
6969,437316,1650,VANILLA
16482,1136971,2026,VANILLA
18912,1339502,2107,VANILLA
16608,1186444,2057,VANILLA
2628,138776,2103,VANILLA
13767,1004872,2112,VANILLA
23671,1764050,2179,VANILLA
40548,3111072,3020,VANILLA
12904,935171,3046,VANILLA
177257,5810624,3053,VANILLA
7919,76674,3066,VANILLA
4685,216171,3100,VANILLA
51528,3651476,3158,VANILLA
19668,1406968,3177,VANILLA
19272,1459975,3196,VANILLA
6578,474926,3201,VANILLA
6672,456483,3279,VANILLA
13197,954063,3349,VANILLA
11983,936580,3383,VANILLA
6391,504305,3384,VANILLA
13560,1078650,3387,VANILLA
15049,1185016,3407,VANILLA
3896,248124,4667,VANILLA
572,22968,5165,VANILLA
4870,368184,5222,VANILLA
1323,50982,5520,VANILLA
20160,1693179,7618,VANILLA
12834,1062600,9055,VANILLA
10007,821656,9635,VANILLA
7965,663526,10053,VANILLA
18273,1609110,10152,VANILLA
13976,1222200,10182,VANILLA
16889,1495447,10371,VANILLA
17098,1513694,11037,VANILLA
20261,1819898,11062,VANILLA
363,14536,11842,VANILLA
14254,1271624,11896,VANILLA
18128,1646131,12302,VANILLA
2795,241893,12363,VANILLA
14488,1307673,13154,VANILLA
5418,465558,13206,VANILLA
9284,827328,13218,VANILLA
18271,1666684,13768,VANILLA
18286,1678370,14206,VANILLA
7721,683474,14658,VANILLA
14822,1367186,14757,VANILLA
13183,1218470,16000,VANILLA
13238,1209586,20676,VANILLA
18849,1730309,22052,VANILLA
5033,393917,22740,VANILLA
11909,1057063,22931,VANILLA
23863,2267374,23239,VANILLA
2105,171100,25216,VANILLA
10250,980500,25456,VANILLA
2372,209300,25686,VANILLA
4636,409400,25906,VANILLA
6198,562000,26209,VANILLA
4415,391200,27434,VANILLA
8486,798200,27479,VANILLA
3678,312100,27657,VANILLA
6123,567300,28943,VANILLA
10976,1014300,29145,VANILLA
3499,320600,29345,VANILLA
3683,342500,29509,VANILLA
5433,491500,29583,VANILLA
32577,236692,3,VANILLA
16196,435875,25,VANILLA
17417,506562,29,VANILLA
18581,586006,283,VANILLA
15985,501857,531,VANILLA
9019,324051,25,VANILLA
13409,495449,29,VANILLA
42662,1682523,296,VANILLA
15482,613233,355,VANILLA
13766,570949,377,VANILLA
11127,470028,387,VANILLA
15482,685354,406,VANILLA
19509,900440,423,VANILLA
10984,501662,429,VANILLA
29046,1465535,523,VANILLA
10183,487771,557,VANILLA
17665,912727,657,VANILLA
32079,1812661,641,VANILLA
10852,593195,726,VANILLA
34391,2078977,749,VANILLA
12839,754496,832,VANILLA
13704,810265,843,VANILLA
4285,209920,1065,VANILLA
13065,775032,1142,VANILLA
12847,791496,1204,VANILLA
18221,1121111,1223,VANILLA
15343,988466,1282,VANILLA
84879,5862759,1296,VANILLA
9396,612389,1501,VANILLA
8393,544311,1517,VANILLA
13162,901905,1645,VANILLA
9031,605308,1650,VANILLA
18219,1308121,2026,VANILLA
18578,1353814,2107,VANILLA
15593,1097923,2057,VANILLA
3157,187122,2103,VANILLA
15916,1214317,2112,VANILLA
23625,1825222,2179,VANILLA
37660,2998904,3020,VANILLA
11103,819548,3046,VANILLA
175545,6161019,3053,VANILLA
7930,78743,3066,VANILLA
4958,213916,3100,VANILLA
53346,4155811,3158,VANILLA
24016,1917144,3177,VANILLA
18124,1431034,3196,VANILLA
6150,456456,3201,VANILLA
6295,440207,3279,VANILLA
14344,1104264,3349,VANILLA
15306,1279072,3383,VANILLA
6195,511394,3384,VANILLA
12347,1030687,3387,VANILLA
14980,1236864,3407,VANILLA
3976,262171,4667,VANILLA
939,23660,5165,VANILLA
5096,406861,5222,VANILLA
1356,56784,5520,VANILLA
17351,1450813,7618,VANILLA
11621,996450,9055,VANILLA
9678,831740,9635,VANILLA
8437,733312,10053,VANILLA
14553,1299040,10152,VANILLA
15131,1368024,10182,VANILLA
18148,1647774,10371,VANILLA
17276,1583378,11037,VANILLA
18370,1660829,11062,VANILLA
352,14630,11842,VANILLA
14964,1381585,11896,VANILLA
18240,1710363,12302,VANILLA
2316,203616,12363,VANILLA
13703,1274496,13154,VANILLA
5142,454272,13206,VANILLA
8936,822912,13218,VANILLA
16849,1582354,13768,VANILLA
15007,1417752,14206,VANILLA
7889,721098,14658,VANILLA
14460,1374221,14757,VANILLA
15597,1505543,16000,VANILLA
11430,1065735,20676,VANILLA
13227,1207107,22052,VANILLA
5260,425989,22740,VANILLA
12362,1136845,22931,VANILLA
21131,2041196,23239,VANILLA
2276,184518,25216,VANILLA
10356,1010616,25456,VANILLA
3133,292230,25686,VANILLA
4379,392292,25906,VANILLA
6077,544680,26209,VANILLA
5470,503778,27434,VANILLA
8499,816000,27479,VANILLA
4540,379134,27657,VANILLA
5877,556410,28943,VANILLA
13712,1331999,29145,VANILLA
3862,365238,29345,VANILLA
4165,399743,29509,VANILLA
6694,634377,29583,VANILLA
28440,845197,3,CHERRYPICK
23633,116199,25,CHERRYPICK
39645,174752,29,CHERRYPICK
51499,322878,283,CHERRYPICK
33636,260240,531,CHERRYPICK
12639,43619,25,CHERRYPICK
35864,163800,29,CHERRYPICK
92954,554293,296,CHERRYPICK
25727,183533,355,CHERRYPICK
44940,279815,377,CHERRYPICK
34111,250187,387,CHERRYPICK
42152,274551,406,CHERRYPICK
32701,250356,423,CHERRYPICK
25640,100280,429,CHERRYPICK
180348,714421,523,CHERRYPICK
19745,98931,557,CHERRYPICK
32415,238078,657,CHERRYPICK
161793,1134319,641,CHERRYPICK
21281,155783,726,CHERRYPICK
36644,161025,749,CHERRYPICK
27182,204977,832,CHERRYPICK
15274,107458,843,CHERRYPICK
7636,63348,1065,CHERRYPICK
37454,111404,1142,CHERRYPICK
67059,322179,1204,CHERRYPICK
64322,377879,1223,CHERRYPICK
41336,208245,1282,CHERRYPICK
445564,1921884,1296,CHERRYPICK
8563,26022,1501,CHERRYPICK
21362,158993,1517,CHERRYPICK
44039,282038,1645,CHERRYPICK
15919,142979,1650,CHERRYPICK
85023,747990,2026,CHERRYPICK
101440,507358,2107,CHERRYPICK
30554,172174,2057,CHERRYPICK
4632,10982,2103,CHERRYPICK
54301,245845,2112,CHERRYPICK
146194,680155,2179,CHERRYPICK
105716,523216,3020,CHERRYPICK
44423,417775,3046,CHERRYPICK
197253,500399,3053,CHERRYPICK
2113,4380,3066,CHERRYPICK
7253,105727,3100,CHERRYPICK
518457,2298645,3158,CHERRYPICK
119822,552720,3177,CHERRYPICK
67997,325385,3196,CHERRYPICK
24796,124836,3201,CHERRYPICK
17766,170972,3279,CHERRYPICK
45799,657220,3349,CHERRYPICK
34951,256857,3383,CHERRYPICK
18402,104433,3384,CHERRYPICK
26338,195486,3387,CHERRYPICK
41286,264224,3407,CHERRYPICK
6989,30403,4667,CHERRYPICK
615,0,5165,CHERRYPICK
16066,68329,5222,CHERRYPICK
1337,0,5520,CHERRYPICK
72194,389839,7618,CHERRYPICK
45048,292758,9055,CHERRYPICK
46030,214285,9635,CHERRYPICK
52617,231023,10053,CHERRYPICK
96807,406468,10152,CHERRYPICK
100159,467998,10182,CHERRYPICK
120376,487254,10371,CHERRYPICK
117573,530398,11037,CHERRYPICK
88340,358701,11062,CHERRYPICK
477,0,11842,CHERRYPICK
92124,409979,11896,CHERRYPICK
126832,553249,12302,CHERRYPICK
11136,39854,12363,CHERRYPICK
99843,420707,13154,CHERRYPICK
20092,109906,13206,CHERRYPICK
43722,185450,13218,CHERRYPICK
115425,587486,13768,CHERRYPICK
91218,432270,14206,CHERRYPICK
35041,145371,14658,CHERRYPICK
94213,455448,14757,CHERRYPICK
88432,482979,16000,CHERRYPICK
59066,247053,20676,CHERRYPICK
70580,415367,22052,CHERRYPICK
8930,54950,22740,CHERRYPICK
41293,340793,22931,CHERRYPICK
79746,491304,23239,CHERRYPICK
3369,10042,25216,CHERRYPICK
44384,213522,25456,CHERRYPICK
6432,19597,25686,CHERRYPICK
11154,72431,25906,CHERRYPICK
24555,113093,26209,CHERRYPICK
16543,134918,27434,CHERRYPICK
33892,213905,27479,CHERRYPICK
10849,81412,27657,CHERRYPICK
15138,63812,28943,CHERRYPICK
41831,370800,29145,CHERRYPICK
6147,25677,29345,CHERRYPICK
10560,33344,29509,CHERRYPICK
20299,165459,29583,CHERRYPICK
26770,877657,3,CHERRYPICK
24007,114733,25,CHERRYPICK
41093,202521,29,CHERRYPICK
50942,319756,283,CHERRYPICK
33564,192437,531,CHERRYPICK
11893,46767,25,CHERRYPICK
32000,139202,29,CHERRYPICK
86109,450407,296,CHERRYPICK
22550,160124,355,CHERRYPICK
54118,318109,377,CHERRYPICK
38651,299727,387,CHERRYPICK
45376,290802,406,CHERRYPICK
35542,215176,423,CHERRYPICK
25725,150519,429,CHERRYPICK
180769,745741,523,CHERRYPICK
21477,151869,557,CHERRYPICK
36417,230068,657,CHERRYPICK
161765,1122817,641,CHERRYPICK
19502,151945,726,CHERRYPICK
37337,159689,749,CHERRYPICK
34687,235808,832,CHERRYPICK
16609,128822,843,CHERRYPICK
5881,41375,1065,CHERRYPICK
22102,118505,1142,CHERRYPICK
67099,337292,1204,CHERRYPICK
60202,457420,1223,CHERRYPICK
33310,187337,1282,CHERRYPICK
440750,1880112,1296,CHERRYPICK
8266,68232,1501,CHERRYPICK
16536,114580,1517,CHERRYPICK
31725,226271,1645,CHERRYPICK
14232,124537,1650,CHERRYPICK
67214,665630,2026,CHERRYPICK
98965,543930,2107,CHERRYPICK
26753,158288,2057,CHERRYPICK
4428,15805,2103,CHERRYPICK
57003,261563,2112,CHERRYPICK
149717,672097,2179,CHERRYPICK
116685,549079,3020,CHERRYPICK
35797,373115,3046,CHERRYPICK
197216,501419,3053,CHERRYPICK
3523,54986,3066,CHERRYPICK
8024,94005,3100,CHERRYPICK
442106,2247246,3158,CHERRYPICK
118325,523138,3177,CHERRYPICK
64177,297378,3196,CHERRYPICK
21884,120155,3201,CHERRYPICK
15619,209541,3279,CHERRYPICK
46694,459641,3349,CHERRYPICK
29654,190651,3383,CHERRYPICK
14100,65376,3384,CHERRYPICK
22903,184491,3387,CHERRYPICK
37299,235848,3407,CHERRYPICK
5856,34079,4667,CHERRYPICK
569,442,5165,CHERRYPICK
15070,67866,5222,CHERRYPICK
1332,0,5520,CHERRYPICK
70394,352415,7618,CHERRYPICK
42651,266716,9055,CHERRYPICK
47713,252795,9635,CHERRYPICK
50930,336644,10053,CHERRYPICK
95014,403867,10152,CHERRYPICK
101527,423580,10182,CHERRYPICK
103345,560017,10371,CHERRYPICK
125006,519079,11037,CHERRYPICK
86342,354900,11062,CHERRYPICK
411,202,11842,CHERRYPICK
94417,377916,11896,CHERRYPICK
120628,520479,12302,CHERRYPICK
7085,27714,12363,CHERRYPICK
88255,400086,13154,CHERRYPICK
14789,97811,13206,CHERRYPICK
38158,182083,13218,CHERRYPICK
120746,549215,13768,CHERRYPICK
89294,416248,14206,CHERRYPICK
31191,158196,14658,CHERRYPICK
96525,423509,14757,CHERRYPICK
95152,396779,16000,CHERRYPICK
57147,243359,20676,CHERRYPICK
62003,381317,22052,CHERRYPICK
6964,46895,22740,CHERRYPICK
35596,438600,22931,CHERRYPICK
76695,366818,23239,CHERRYPICK
2790,11156,25216,CHERRYPICK
41706,181395,25456,CHERRYPICK
6910,18830,25686,CHERRYPICK
16371,116019,25906,CHERRYPICK
19797,133773,26209,CHERRYPICK
12335,81183,27434,CHERRYPICK
37941,195622,27479,CHERRYPICK
14458,50263,27657,CHERRYPICK
13240,62236,28943,CHERRYPICK
38862,265719,29145,CHERRYPICK
5897,25516,29345,CHERRYPICK
5651,17654,29509,CHERRYPICK
14334,102504,29583,CHERRYPICK
28190,628642,3,CHERRYPICK
24782,118447,25,CHERRYPICK
44249,197269,29,CHERRYPICK
51254,370232,283,CHERRYPICK
35751,254320,531,CHERRYPICK
13626,48613,25,CHERRYPICK
44970,159442,29,CHERRYPICK
88184,473852,296,CHERRYPICK
35190,165663,355,CHERRYPICK
46283,280630,377,CHERRYPICK
29647,235664,387,CHERRYPICK
43502,284803,406,CHERRYPICK
34814,212784,423,CHERRYPICK
25498,102063,429,CHERRYPICK
180647,740860,523,CHERRYPICK
19103,93730,557,CHERRYPICK
38142,241128,657,CHERRYPICK
187875,918475,641,CHERRYPICK
18856,149950,726,CHERRYPICK
39961,160279,749,CHERRYPICK
29010,197923,832,CHERRYPICK
15977,136657,843,CHERRYPICK
6153,21983,1065,CHERRYPICK
18526,107340,1142,CHERRYPICK
60401,352128,1204,CHERRYPICK
62335,363077,1223,CHERRYPICK
34740,187315,1282,CHERRYPICK
449322,1922474,1296,CHERRYPICK
7856,48576,1501,CHERRYPICK
16524,74639,1517,CHERRYPICK
41209,270727,1645,CHERRYPICK
23345,210349,1650,CHERRYPICK
68583,522087,2026,CHERRYPICK
100037,604682,2107,CHERRYPICK
29001,156012,2057,CHERRYPICK
4465,19159,2103,CHERRYPICK
55683,302153,2112,CHERRYPICK
146546,627872,2179,CHERRYPICK
123406,706528,3020,CHERRYPICK
35254,344480,3046,CHERRYPICK
235388,532299,3053,CHERRYPICK
2247,15628,3066,CHERRYPICK
7820,107634,3100,CHERRYPICK
442871,2244606,3158,CHERRYPICK
117999,505653,3177,CHERRYPICK
60163,298607,3196,CHERRYPICK
19151,122629,3201,CHERRYPICK
34120,417777,3279,CHERRYPICK
41166,396073,3349,CHERRYPICK
31501,184604,3383,CHERRYPICK
40261,84929,3384,CHERRYPICK
23079,190676,3387,CHERRYPICK
39270,227597,3407,CHERRYPICK
5960,37153,4667,CHERRYPICK
590,464,5165,CHERRYPICK
15154,67942,5222,CHERRYPICK
1483,0,5520,CHERRYPICK
67362,339216,7618,CHERRYPICK
39498,197736,9055,CHERRYPICK
48744,201860,9635,CHERRYPICK
48951,245687,10053,CHERRYPICK
88018,416518,10152,CHERRYPICK
91861,451155,10182,CHERRYPICK
107529,522557,10371,CHERRYPICK
121628,638355,11037,CHERRYPICK
89909,378027,11062,CHERRYPICK
411,0,11842,CHERRYPICK
84596,421919,11896,CHERRYPICK
114100,515556,12302,CHERRYPICK
8258,31793,12363,CHERRYPICK
86223,399234,13154,CHERRYPICK
14857,107370,13206,CHERRYPICK
40519,174298,13218,CHERRYPICK
120623,632820,13768,CHERRYPICK
84039,435310,14206,CHERRYPICK
32673,140091,14658,CHERRYPICK
94114,404109,14757,CHERRYPICK
84869,404075,16000,CHERRYPICK
51306,234875,20676,CHERRYPICK
58990,379526,22052,CHERRYPICK
6924,47419,22740,CHERRYPICK
34250,413322,22931,CHERRYPICK
82683,430184,23239,CHERRYPICK
3942,11832,25216,CHERRYPICK
40298,191404,25456,CHERRYPICK
9418,31615,25686,CHERRYPICK
11423,97230,25906,CHERRYPICK
19249,125061,26209,CHERRYPICK
11936,102701,27434,CHERRYPICK
38096,188422,27479,CHERRYPICK
10791,58867,27657,CHERRYPICK
13409,49354,28943,CHERRYPICK
45689,248091,29145,CHERRYPICK
7103,22456,29345,CHERRYPICK
5669,15848,29509,CHERRYPICK
16885,100204,29583,CHERRYPICK
28112,664757,3,CHERRYPICK
19160,85286,25,CHERRYPICK
38439,165197,29,CHERRYPICK
51180,478715,283,CHERRYPICK
32403,227114,531,CHERRYPICK
11280,49951,25,CHERRYPICK
34776,157275,29,CHERRYPICK
90693,461629,296,CHERRYPICK
24742,194652,355,CHERRYPICK
47108,313964,377,CHERRYPICK
32637,229890,387,CHERRYPICK
43609,267999,406,CHERRYPICK
34587,219170,423,CHERRYPICK
26352,149012,429,CHERRYPICK
177727,728641,523,CHERRYPICK
21096,139435,557,CHERRYPICK
36957,271191,657,CHERRYPICK
157502,1141236,641,CHERRYPICK
21614,151205,726,CHERRYPICK
39676,141663,749,CHERRYPICK
27622,161278,832,CHERRYPICK
16597,135569,843,CHERRYPICK
5455,33510,1065,CHERRYPICK
49902,125754,1142,CHERRYPICK
69264,329694,1204,CHERRYPICK
56415,411186,1223,CHERRYPICK
28814,187479,1282,CHERRYPICK
459634,1986876,1296,CHERRYPICK
12232,51768,1501,CHERRYPICK
20496,123255,1517,CHERRYPICK
38211,265757,1645,CHERRYPICK
19176,137561,1650,CHERRYPICK
73562,672393,2026,CHERRYPICK
100539,487353,2107,CHERRYPICK
26876,132735,2057,CHERRYPICK
4198,9523,2103,CHERRYPICK
54509,237649,2112,CHERRYPICK
147286,640466,2179,CHERRYPICK
113955,501669,3020,CHERRYPICK
31680,383778,3046,CHERRYPICK
199801,502322,3053,CHERRYPICK
3421,62746,3066,CHERRYPICK
8154,120596,3100,CHERRYPICK
513532,2198432,3158,CHERRYPICK
101421,647438,3177,CHERRYPICK
57139,321396,3196,CHERRYPICK
21467,121962,3201,CHERRYPICK
36366,265414,3279,CHERRYPICK
52660,461864,3349,CHERRYPICK
30824,184022,3383,CHERRYPICK
13033,90567,3384,CHERRYPICK
21317,135757,3387,CHERRYPICK
35909,251983,3407,CHERRYPICK
5878,27357,4667,CHERRYPICK
579,327,5165,CHERRYPICK
14146,99883,5222,CHERRYPICK
1376,1,5520,CHERRYPICK
60997,512547,7618,CHERRYPICK
38063,257105,9055,CHERRYPICK
44551,193934,9635,CHERRYPICK
50120,255767,10053,CHERRYPICK
84619,396056,10152,CHERRYPICK
98171,417213,10182,CHERRYPICK
114776,498801,10371,CHERRYPICK
111219,533835,11037,CHERRYPICK
91277,380067,11062,CHERRYPICK
425,708,11842,CHERRYPICK
83614,392618,11896,CHERRYPICK
120245,516187,12302,CHERRYPICK
8546,30815,12363,CHERRYPICK
87817,403942,13154,CHERRYPICK
20375,150774,13206,CHERRYPICK
38479,190627,13218,CHERRYPICK
102893,615654,13768,CHERRYPICK
86479,401119,14206,CHERRYPICK
33453,138287,14658,CHERRYPICK
83246,450743,14757,CHERRYPICK
83472,423357,16000,CHERRYPICK
55971,282380,20676,CHERRYPICK
62186,368101,22052,CHERRYPICK
7062,51154,22740,CHERRYPICK
33672,379213,22931,CHERRYPICK
71092,427001,23239,CHERRYPICK
2799,11808,25216,CHERRYPICK
37639,201094,25456,CHERRYPICK
6063,20234,25686,CHERRYPICK
9624,91433,25906,CHERRYPICK
20485,102665,26209,CHERRYPICK
18872,107057,27434,CHERRYPICK
35109,185094,27479,CHERRYPICK
10999,52022,27657,CHERRYPICK
11677,65553,28943,CHERRYPICK
43819,386254,29145,CHERRYPICK
6678,18456,29345,CHERRYPICK
5254,15781,29509,CHERRYPICK
16848,123970,29583,CHERRYPICK
26383,618252,3,CHERRYPICK
24027,116179,25,CHERRYPICK
43293,209972,29,CHERRYPICK
61313,437183,283,CHERRYPICK
33913,243936,531,CHERRYPICK
11794,40985,25,CHERRYPICK
35117,168681,29,CHERRYPICK
85719,494352,296,CHERRYPICK
22895,153944,355,CHERRYPICK
46498,263394,377,CHERRYPICK
33704,234316,387,CHERRYPICK
48809,289214,406,CHERRYPICK
35525,220230,423,CHERRYPICK
23352,110578,429,CHERRYPICK
183376,731950,523,CHERRYPICK
20640,108085,557,CHERRYPICK
32953,244561,657,CHERRYPICK
157217,777233,641,CHERRYPICK
19665,126441,726,CHERRYPICK
39377,159501,749,CHERRYPICK
28126,180754,832,CHERRYPICK
15829,127247,843,CHERRYPICK
35459,22701,1065,CHERRYPICK
24207,154244,1142,CHERRYPICK
69650,338976,1204,CHERRYPICK
55359,328294,1223,CHERRYPICK
35174,176525,1282,CHERRYPICK
399577,2103879,1296,CHERRYPICK
8950,37456,1501,CHERRYPICK
21030,135349,1517,CHERRYPICK
31728,263403,1645,CHERRYPICK
16765,170602,1650,CHERRYPICK
90392,877110,2026,CHERRYPICK
98018,514207,2107,CHERRYPICK
29997,134325,2057,CHERRYPICK
4954,19595,2103,CHERRYPICK
66881,290740,2112,CHERRYPICK
151340,657884,2179,CHERRYPICK
108496,575306,3020,CHERRYPICK
47042,474367,3046,CHERRYPICK
195590,490045,3053,CHERRYPICK
3111,48776,3066,CHERRYPICK
7103,110373,3100,CHERRYPICK
515504,2192813,3158,CHERRYPICK
112971,491251,3177,CHERRYPICK
68112,346275,3196,CHERRYPICK
26736,158197,3201,CHERRYPICK
19274,231898,3279,CHERRYPICK
43960,659214,3349,CHERRYPICK
33991,228416,3383,CHERRYPICK
20895,125168,3384,CHERRYPICK
22568,221830,3387,CHERRYPICK
49325,276674,3407,CHERRYPICK
6151,30721,4667,CHERRYPICK
591,0,5165,CHERRYPICK
14634,126946,5222,CHERRYPICK
1341,0,5520,CHERRYPICK
70216,396260,7618,CHERRYPICK
33855,377249,9055,CHERRYPICK
44907,205500,9635,CHERRYPICK
49998,245766,10053,CHERRYPICK
95548,383310,10152,CHERRYPICK
100837,445369,10182,CHERRYPICK
101264,516159,10371,CHERRYPICK
110702,517306,11037,CHERRYPICK
86077,361521,11062,CHERRYPICK
410,0,11842,CHERRYPICK
84159,396285,11896,CHERRYPICK
108853,532945,12302,CHERRYPICK
4954,13330,12363,CHERRYPICK
87160,396146,13154,CHERRYPICK
16787,124375,13206,CHERRYPICK
57597,181553,13218,CHERRYPICK
119892,527674,13768,CHERRYPICK
95188,414517,14206,CHERRYPICK
31508,157622,14658,CHERRYPICK
82622,426253,14757,CHERRYPICK
84588,416501,16000,CHERRYPICK
52554,245945,20676,CHERRYPICK
65256,387445,22052,CHERRYPICK
8125,49364,22740,CHERRYPICK
40070,355096,22931,CHERRYPICK
74334,405305,23239,CHERRYPICK
3061,11373,25216,CHERRYPICK
45607,190859,25456,CHERRYPICK
6013,26287,25686,CHERRYPICK
14182,111168,25906,CHERRYPICK
18539,136645,26209,CHERRYPICK
13561,93269,27434,CHERRYPICK
35307,186233,27479,CHERRYPICK
11594,55807,27657,CHERRYPICK
13314,61062,28943,CHERRYPICK
37641,295497,29145,CHERRYPICK
6289,34847,29345,CHERRYPICK
5748,16174,29509,CHERRYPICK
15375,109792,29583,CHERRYPICK
