Perf.,Cost,Query,Type
73306,4721557,88,ONLINE/THETA-0.0
12830,500673,90,ONLINE/THETA-0.0
13421,646499,01,ONLINE/THETA-0.0
29451,410019,02,ONLINE/THETA-0.0
13848,423293,63,ONLINE/THETA-0.0
54192,1687516,64,ONLINE/THETA-0.0
23512,1670803,65,ONLINE/THETA-0.0
27584,854340,66,ONLINE/THETA-0.0
45360,2070771,67,ONLINE/THETA-0.0
11966,528223,03,ONLINE/THETA-0.0
67108,6476707,04,ONLINE/THETA-0.0
25719,2257399,05,ONLINE/THETA-0.0
16444,671999,06,ONLINE/THETA-0.0
22100,995276,07,ONLINE/THETA-0.0
11799,429349,08,ONLINE/THETA-0.0
25234,2409500,09,ONLINE/THETA-0.0
17301,1256495,10,ONLINE/THETA-0.0
41509,3625991,11,ONLINE/THETA-0.0
16218,849801,12,ONLINE/THETA-0.0
13268,449032,13,ONLINE/THETA-0.0
109954,6705714,14a,ONLINE/THETA-0.0
33681,1795976,69,ONLINE/THETA-0.0
33237,1681379,70,ONLINE/THETA-0.0
27813,1694160,71,ONLINE/THETA-0.0
13031,459301,73,ONLINE/THETA-0.0
34208,2522531,74,ONLINE/THETA-0.0
79287,4229379,75,ONLINE/THETA-0.0
17934,1262468,76,ONLINE/THETA-0.0
21886,1659560,77,ONLINE/THETA-0.0
52805,4765961,78,ONLINE/THETA-0.0
19085,776934,79,ONLINE/THETA-0.0
30907,2261951,80,ONLINE/THETA-0.0
13977,660074,81,ONLINE/THETA-0.0
9142,307416,82,ONLINE/THETA-0.0
19015,1369214,83,ONLINE/THETA-0.0
9129,191301,84,ONLINE/THETA-0.0
13283,540695,85,ONLINE/THETA-0.0
7693,258584,86,ONLINE/THETA-0.0
18647,1221818,87,ONLINE/THETA-0.0
15347,566056,89,ONLINE/THETA-0.0
13030,284045,91,ONLINE/THETA-0.0
8375,324342,92,ONLINE/THETA-0.0
21336,754265,93,ONLINE/THETA-0.0
17481,789802,94,ONLINE/THETA-0.0
11274,213058,96,ONLINE/THETA-0.0
15790,962562,97,ONLINE/THETA-0.0
17309,807548,98,ONLINE/THETA-0.0
25221,337430,99,ONLINE/THETA-0.0
17687,90555,41,ONLINE/THETA-0.0
18940,841074,42,ONLINE/THETA-0.0
16546,441925,43,ONLINE/THETA-0.0
20139,413679,44,ONLINE/THETA-0.0
55347,1094830,45,ONLINE/THETA-0.0
19795,712212,46,ONLINE/THETA-0.0
40878,1575574,47,ONLINE/THETA-0.0
18662,780415,48,ONLINE/THETA-0.0
61804,2228106,49,ONLINE/THETA-0.0
29121,1341587,50,ONLINE/THETA-0.0
18461,1189555,51,ONLINE/THETA-0.0
8619,411311,52,ONLINE/THETA-0.0
48529,400811,53,ONLINE/THETA-0.0
30115,1328483,54,ONLINE/THETA-0.0
10392,434346,55,ONLINE/THETA-0.0
18804,1262038,56,ONLINE/THETA-0.0
27939,1034419,57,ONLINE/THETA-0.0
28706,2677895,58,ONLINE/THETA-0.0
28626,473490,59,ONLINE/THETA-0.0
21255,1641673,60,ONLINE/THETA-0.0
23446,1438332,61,ONLINE/THETA-0.0
20492,284054,62,ONLINE/THETA-0.0
15062,509499,68,ONLINE/THETA-0.0
124576,7209175,14b,ONLINE/THETA-0.0
18454,725263,15,ONLINE/THETA-0.0
21630,1180263,16,ONLINE/THETA-0.0
30697,1532987,17,ONLINE/THETA-0.0
24707,1177264,18,ONLINE/THETA-0.0
14992,591012,19,ONLINE/THETA-0.0
15563,729705,20,ONLINE/THETA-0.0
8119,106789,21,ONLINE/THETA-0.0
11624,212988,22,ONLINE/THETA-0.0
89442,4607632,23a,ONLINE/THETA-0.0
75248,5357945,23b,ONLINE/THETA-0.0
26989,757743,24a,ONLINE/THETA-0.0
24579,702001,24b,ONLINE/THETA-0.0
29562,1688233,25,ONLINE/THETA-0.0
19803,965027,26,ONLINE/THETA-0.0
14562,557755,27,ONLINE/THETA-0.0
16988,1459168,28,ONLINE/THETA-0.0
26845,1513379,29,ONLINE/THETA-0.0
14645,644147,30,ONLINE/THETA-0.0
24097,1822029,31,ONLINE/THETA-0.0
13373,763050,32,ONLINE/THETA-0.0
16527,1134815,33,ONLINE/THETA-0.0
11908,455107,34,ONLINE/THETA-0.0
21227,1348169,35,ONLINE/THETA-0.0
18988,743999,36,ONLINE/THETA-0.0
7780,255825,37,ONLINE/THETA-0.0
19583,1306966,38,ONLINE/THETA-0.0
25414,487513,39a,ONLINE/THETA-0.0
24777,445429,39b,ONLINE/THETA-0.0
16537,845798,40,ONLINE/THETA-0.0
93504,4332666,88,ONLINE/THETA-0.0
15750,541283,90,ONLINE/THETA-0.0
15069,744659,01,ONLINE/THETA-0.0
13567,464524,02,ONLINE/THETA-0.0
11501,317430,63,ONLINE/THETA-0.0
53613,1942484,64,ONLINE/THETA-0.0
26009,1742960,65,ONLINE/THETA-0.0
28113,954562,66,ONLINE/THETA-0.0
45277,2089484,67,ONLINE/THETA-0.0
13055,615109,03,ONLINE/THETA-0.0
72480,7526926,04,ONLINE/THETA-0.0
25286,2031956,05,ONLINE/THETA-0.0
15537,641703,06,ONLINE/THETA-0.0
25116,1119990,07,ONLINE/THETA-0.0
11941,403411,08,ONLINE/THETA-0.0
25207,2371909,09,ONLINE/THETA-0.0
18345,1357765,10,ONLINE/THETA-0.0
48617,3908136,11,ONLINE/THETA-0.0
12774,467919,12,ONLINE/THETA-0.0
12952,430515,13,ONLINE/THETA-0.0
112885,6815245,14a,ONLINE/THETA-0.0
36483,1845093,69,ONLINE/THETA-0.0
33524,1722075,70,ONLINE/THETA-0.0
22404,1339572,71,ONLINE/THETA-0.0
13527,461205,73,ONLINE/THETA-0.0
36134,2591835,74,ONLINE/THETA-0.0
60256,3933416,75,ONLINE/THETA-0.0
16456,1045659,76,ONLINE/THETA-0.0
28026,2345157,77,ONLINE/THETA-0.0
50352,4623236,78,ONLINE/THETA-0.0
19644,833148,79,ONLINE/THETA-0.0
35781,2409697,80,ONLINE/THETA-0.0
14510,712446,81,ONLINE/THETA-0.0
7795,303627,82,ONLINE/THETA-0.0
13546,918655,83,ONLINE/THETA-0.0
8705,183656,84,ONLINE/THETA-0.0
14960,667311,85,ONLINE/THETA-0.0
7373,274737,86,ONLINE/THETA-0.0
17729,1253839,87,ONLINE/THETA-0.0
16383,632697,89,ONLINE/THETA-0.0
13607,268091,91,ONLINE/THETA-0.0
9463,444640,92,ONLINE/THETA-0.0
18886,625834,93,ONLINE/THETA-0.0
16869,872126,94,ONLINE/THETA-0.0
11367,225979,96,ONLINE/THETA-0.0
15333,986585,97,ONLINE/THETA-0.0
20287,956960,98,ONLINE/THETA-0.0
23646,325495,99,ONLINE/THETA-0.0
149263,8106851,14b,ONLINE/THETA-0.0
20291,972705,15,ONLINE/THETA-0.0
21639,1103608,16,ONLINE/THETA-0.0
37403,2196456,17,ONLINE/THETA-0.0
23638,1143725,18,ONLINE/THETA-0.0
15206,591487,19,ONLINE/THETA-0.0
18087,1227586,20,ONLINE/THETA-0.0
7912,97657,21,ONLINE/THETA-0.0
8812,215359,22,ONLINE/THETA-0.0
68332,4706232,23a,ONLINE/THETA-0.0
88404,6889499,23b,ONLINE/THETA-0.0
27165,820188,24a,ONLINE/THETA-0.0
29277,967726,24b,ONLINE/THETA-0.0
26503,1639372,25,ONLINE/THETA-0.0
19056,890697,26,ONLINE/THETA-0.0
16000,573802,27,ONLINE/THETA-0.0
16977,1404719,28,ONLINE/THETA-0.0
25707,1448734,29,ONLINE/THETA-0.0
15874,631920,30,ONLINE/THETA-0.0
51677,1744850,31,ONLINE/THETA-0.0
12260,763585,32,ONLINE/THETA-0.0
17097,1287520,33,ONLINE/THETA-0.0
12947,425069,34,ONLINE/THETA-0.0
21756,1248019,35,ONLINE/THETA-0.0
15925,572868,36,ONLINE/THETA-0.0
6464,243544,37,ONLINE/THETA-0.0
21970,1742987,38,ONLINE/THETA-0.0
25669,470967,39a,ONLINE/THETA-0.0
24938,486878,39b,ONLINE/THETA-0.0
17465,780502,40,ONLINE/THETA-0.0
17891,69935,41,ONLINE/THETA-0.0
19811,863320,42,ONLINE/THETA-0.0
13445,411320,43,ONLINE/THETA-0.0
19810,442970,44,ONLINE/THETA-0.0
22454,917763,45,ONLINE/THETA-0.0
18003,576602,46,ONLINE/THETA-0.0
41871,1596445,47,ONLINE/THETA-0.0
18410,745356,48,ONLINE/THETA-0.0
29144,2198619,49,ONLINE/THETA-0.0
27108,1215929,50,ONLINE/THETA-0.0
18156,1114256,51,ONLINE/THETA-0.0
10608,434116,52,ONLINE/THETA-0.0
11696,342935,53,ONLINE/THETA-0.0
26411,1091682,54,ONLINE/THETA-0.0
10235,420763,55,ONLINE/THETA-0.0
20122,1299590,56,ONLINE/THETA-0.0
27731,1063818,57,ONLINE/THETA-0.0
27945,2422097,58,ONLINE/THETA-0.0
17428,762167,59,ONLINE/THETA-0.0
18042,1274435,60,ONLINE/THETA-0.0
25153,1572228,61,ONLINE/THETA-0.0
19296,308269,62,ONLINE/THETA-0.0
13964,475790,68,ONLINE/THETA-0.0
141756,7286769,14b,ONLINE/THETA-0.0
18659,914927,15,ONLINE/THETA-0.0
21756,1219555,16,ONLINE/THETA-0.0
34430,1962365,17,ONLINE/THETA-0.0
26407,1257656,18,ONLINE/THETA-0.0
15487,570469,19,ONLINE/THETA-0.0
15586,755327,20,ONLINE/THETA-0.0
8824,107779,21,ONLINE/THETA-0.0
9208,217396,22,ONLINE/THETA-0.0
74871,4954673,23a,ONLINE/THETA-0.0
74932,5449609,23b,ONLINE/THETA-0.0
26182,789275,24a,ONLINE/THETA-0.0
25484,692716,24b,ONLINE/THETA-0.0
28491,1620076,25,ONLINE/THETA-0.0
20594,984590,26,ONLINE/THETA-0.0
15326,554538,27,ONLINE/THETA-0.0
17316,1417622,28,ONLINE/THETA-0.0
29418,1654707,29,ONLINE/THETA-0.0
14745,734775,30,ONLINE/THETA-0.0
18820,1332010,31,ONLINE/THETA-0.0
12768,704776,32,ONLINE/THETA-0.0
16734,1157880,33,ONLINE/THETA-0.0
11948,449765,34,ONLINE/THETA-0.0
21097,1376517,35,ONLINE/THETA-0.0
16249,613518,36,ONLINE/THETA-0.0
7151,261262,37,ONLINE/THETA-0.0
17007,1116510,38,ONLINE/THETA-0.0
24777,469849,39a,ONLINE/THETA-0.0
25689,544884,39b,ONLINE/THETA-0.0
18834,794226,40,ONLINE/THETA-0.0
17323,118690,41,ONLINE/THETA-0.0
19147,873105,42,ONLINE/THETA-0.0
14334,416499,43,ONLINE/THETA-0.0
22200,415191,44,ONLINE/THETA-0.0
21418,912388,45,ONLINE/THETA-0.0
18558,611634,46,ONLINE/THETA-0.0
39092,1566547,47,ONLINE/THETA-0.0
17899,734214,48,ONLINE/THETA-0.0
32846,2416850,49,ONLINE/THETA-0.0
27774,1267281,50,ONLINE/THETA-0.0
16841,1071353,51,ONLINE/THETA-0.0
13572,709329,52,ONLINE/THETA-0.0
26672,411421,53,ONLINE/THETA-0.0
26636,1102625,54,ONLINE/THETA-0.0
10834,412496,55,ONLINE/THETA-0.0
16752,1229988,56,ONLINE/THETA-0.0
29389,1124918,57,ONLINE/THETA-0.0
26927,2451233,58,ONLINE/THETA-0.0
13362,514587,59,ONLINE/THETA-0.0
20760,1519576,60,ONLINE/THETA-0.0
22242,1406302,61,ONLINE/THETA-0.0
18914,268226,62,ONLINE/THETA-0.0
15297,494990,68,ONLINE/THETA-0.0
53735,1725673,69,ONLINE/THETA-0.0
38200,2063058,70,ONLINE/THETA-0.0
21818,1312315,71,ONLINE/THETA-0.0
30879,496683,73,ONLINE/THETA-0.0
36288,2668849,74,ONLINE/THETA-0.0
50651,4579565,75,ONLINE/THETA-0.0
14458,932257,76,ONLINE/THETA-0.0
39281,3598348,77,ONLINE/THETA-0.0
51322,4290106,78,ONLINE/THETA-0.0
18776,791874,79,ONLINE/THETA-0.0
39751,3208057,80,ONLINE/THETA-0.0
14610,771671,81,ONLINE/THETA-0.0
8663,340711,82,ONLINE/THETA-0.0
17999,1381607,83,ONLINE/THETA-0.0
7286,195367,84,ONLINE/THETA-0.0
13440,480947,85,ONLINE/THETA-0.0
13989,384655,86,ONLINE/THETA-0.0
22153,1542608,87,ONLINE/THETA-0.0
16048,595217,89,ONLINE/THETA-0.0
13526,306950,91,ONLINE/THETA-0.0
9748,456846,92,ONLINE/THETA-0.0
21380,771372,93,ONLINE/THETA-0.0
15588,748064,94,ONLINE/THETA-0.0
12656,258525,96,ONLINE/THETA-0.0
14904,966610,97,ONLINE/THETA-0.0
16936,769002,98,ONLINE/THETA-0.0
25509,348760,99,ONLINE/THETA-0.0
71030,4432751,88,ONLINE/THETA-0.0
13603,443752,90,ONLINE/THETA-0.0
14429,749589,01,ONLINE/THETA-0.0
12355,469424,02,ONLINE/THETA-0.0
12438,393813,63,ONLINE/THETA-0.0
48211,1743601,64,ONLINE/THETA-0.0
23085,1620928,65,ONLINE/THETA-0.0
52362,1112197,66,ONLINE/THETA-0.0
53965,2459627,67,ONLINE/THETA-0.0
11325,528191,03,ONLINE/THETA-0.0
68031,6572737,04,ONLINE/THETA-0.0
29990,2622317,05,ONLINE/THETA-0.0
15442,651512,06,ONLINE/THETA-0.0
22882,1006018,07,ONLINE/THETA-0.0
10619,401983,08,ONLINE/THETA-0.0
25285,2400576,09,ONLINE/THETA-0.0
23475,1559092,10,ONLINE/THETA-0.0
41131,3612372,11,ONLINE/THETA-0.0
11648,450867,12,ONLINE/THETA-0.0
13084,435735,13,ONLINE/THETA-0.0
107492,6183729,14a,ONLINE/THETA-0.0
51781,1791304,50,ONLINE/THETA-0.0
32782,1691025,51,ONLINE/THETA-0.0
11584,475781,52,ONLINE/THETA-0.0
12755,374049,53,ONLINE/THETA-0.0
28085,1096038,54,ONLINE/THETA-0.0
9584,409680,55,ONLINE/THETA-0.0
18342,1227689,56,ONLINE/THETA-0.0
31696,1173954,57,ONLINE/THETA-0.0
28321,2567774,58,ONLINE/THETA-0.0
14632,613643,59,ONLINE/THETA-0.0
19107,1379373,60,ONLINE/THETA-0.0
22533,1434260,61,ONLINE/THETA-0.0
19052,286221,62,ONLINE/THETA-0.0
14853,493650,68,ONLINE/THETA-0.0
20302,1269443,69,ONLINE/THETA-0.0
46276,1425213,70,ONLINE/THETA-0.0
25264,1798767,71,ONLINE/THETA-0.0
11699,413046,73,ONLINE/THETA-0.0
31053,2263455,74,ONLINE/THETA-0.0
48175,4352803,75,ONLINE/THETA-0.0
13641,901664,76,ONLINE/THETA-0.0
160113,7938448,14b,ONLINE/THETA-0.0
20542,1081508,15,ONLINE/THETA-0.0
22879,1211399,16,ONLINE/THETA-0.0
32925,1539552,17,ONLINE/THETA-0.0
24188,1178304,18,ONLINE/THETA-0.0
18489,732038,19,ONLINE/THETA-0.0
17929,799841,20,ONLINE/THETA-0.0
9175,101962,21,ONLINE/THETA-0.0
8927,208008,22,ONLINE/THETA-0.0
82539,4572464,23a,ONLINE/THETA-0.0
76897,5321922,23b,ONLINE/THETA-0.0
27970,772767,24a,ONLINE/THETA-0.0
25939,713316,24b,ONLINE/THETA-0.0
26642,1491901,25,ONLINE/THETA-0.0
18498,893023,26,ONLINE/THETA-0.0
14462,536403,27,ONLINE/THETA-0.0
19426,1506710,28,ONLINE/THETA-0.0
29098,1490973,29,ONLINE/THETA-0.0
14815,724413,30,ONLINE/THETA-0.0
38294,2531415,31,ONLINE/THETA-0.0
15523,749934,32,ONLINE/THETA-0.0
22802,1463349,33,ONLINE/THETA-0.0
13745,461073,34,ONLINE/THETA-0.0
22731,1276763,35,ONLINE/THETA-0.0
19260,683477,36,ONLINE/THETA-0.0
9071,314786,37,ONLINE/THETA-0.0
24874,1517511,38,ONLINE/THETA-0.0
26535,467912,39a,ONLINE/THETA-0.0
25363,504282,39b,ONLINE/THETA-0.0
18680,705279,40,ONLINE/THETA-0.0
2074,1316,41,ONLINE/THETA-0.0
9095,362072,42,ONLINE/THETA-0.0
10259,331082,43,ONLINE/THETA-0.0
14313,259687,44,ONLINE/THETA-0.0
15959,650981,45,ONLINE/THETA-0.0
14977,557771,46,ONLINE/THETA-0.0
36402,1464651,47,ONLINE/THETA-0.0
14988,652720,48,ONLINE/THETA-0.0
29940,2607631,49,ONLINE/THETA-0.0
70337,4008023,88,ONLINE/THETA-0.0
14082,469112,90,ONLINE/THETA-0.0
13605,717357,01,ONLINE/THETA-0.0
15799,570382,02,ONLINE/THETA-0.0
12162,387774,63,ONLINE/THETA-0.0
49937,1777284,64,ONLINE/THETA-0.0
21723,1596932,65,ONLINE/THETA-0.0
30097,911871,66,ONLINE/THETA-0.0
50267,2325920,67,ONLINE/THETA-0.0
13442,654332,03,ONLINE/THETA-0.0
65691,6631372,04,ONLINE/THETA-0.0
28127,2413143,05,ONLINE/THETA-0.0
14853,617271,06,ONLINE/THETA-0.0
22519,1017295,07,ONLINE/THETA-0.0
10350,376220,08,ONLINE/THETA-0.0
24477,2385563,09,ONLINE/THETA-0.0
17748,1110387,10,ONLINE/THETA-0.0
40799,3557600,11,ONLINE/THETA-0.0
11837,466106,12,ONLINE/THETA-0.0
13316,430094,13,ONLINE/THETA-0.0
115658,6917231,14a,ONLINE/THETA-0.0
42522,2904379,77,ONLINE/THETA-0.0
54127,4935747,78,ONLINE/THETA-0.0
41312,853702,79,ONLINE/THETA-0.0
41508,3156749,80,ONLINE/THETA-0.0
15943,817270,81,ONLINE/THETA-0.0
10340,346806,82,ONLINE/THETA-0.0
20208,1434982,83,ONLINE/THETA-0.0
9047,205847,84,ONLINE/THETA-0.0
15054,624676,85,ONLINE/THETA-0.0
10021,362748,86,ONLINE/THETA-0.0
19796,1325900,87,ONLINE/THETA-0.0
19238,787785,89,ONLINE/THETA-0.0
13878,290085,91,ONLINE/THETA-0.0
9461,440133,92,ONLINE/THETA-0.0
23722,875499,93,ONLINE/THETA-0.0
17353,835839,94,ONLINE/THETA-0.0
12271,229892,96,ONLINE/THETA-0.0
15323,1019790,97,ONLINE/THETA-0.0
19915,925506,98,ONLINE/THETA-0.0
25810,345682,99,ONLINE/THETA-0.0
90699,4150507,88,ONLINE/THETA-0.0
13620,591832,90,ONLINE/THETA-0.0
14966,776940,01,ONLINE/THETA-0.0
16420,744733,02,ONLINE/THETA-0.0
12108,396716,63,ONLINE/THETA-0.0
50932,1877921,64,ONLINE/THETA-0.0
22759,1580457,65,ONLINE/THETA-0.0
27319,951496,66,ONLINE/THETA-0.0
43975,1990171,67,ONLINE/THETA-0.0
11324,545954,03,ONLINE/THETA-0.0
75806,7690373,04,ONLINE/THETA-0.0
30481,1978991,05,ONLINE/THETA-0.0
15381,679540,06,ONLINE/THETA-0.0
23189,948183,07,ONLINE/THETA-0.0
11392,412161,08,ONLINE/THETA-0.0
25381,2405137,09,ONLINE/THETA-0.0
19048,1330943,10,ONLINE/THETA-0.0
43865,3734446,11,ONLINE/THETA-0.0
20858,1090838,12,ONLINE/THETA-0.0
12499,436906,13,ONLINE/THETA-0.0
112932,6821604,14a,ONLINE/THETA-0.0
131120,7723911,14b,ONLINE/THETA-0.0
17296,777570,15,ONLINE/THETA-0.0
20520,1136281,16,ONLINE/THETA-0.0
31791,1515233,17,ONLINE/THETA-0.0
26513,1218870,18,ONLINE/THETA-0.0
14698,529914,19,ONLINE/THETA-0.0
15306,752761,20,ONLINE/THETA-0.0
9027,96814,21,ONLINE/THETA-0.0
9170,217987,22,ONLINE/THETA-0.0
68839,4855895,23a,ONLINE/THETA-0.0
85052,6485781,23b,ONLINE/THETA-0.0
52147,820021,24a,ONLINE/THETA-0.0
26403,810214,24b,ONLINE/THETA-0.0
27709,1711082,25,ONLINE/THETA-0.0
19980,1100762,26,ONLINE/THETA-0.0
13815,534870,27,ONLINE/THETA-0.0
18172,1501049,28,ONLINE/THETA-0.0
36264,1951716,29,ONLINE/THETA-0.0
14504,717559,30,ONLINE/THETA-0.0
41185,2759821,77,ONLINE/THETA-0.0
56607,5053768,78,ONLINE/THETA-0.0
19665,819799,79,ONLINE/THETA-0.0
42695,3491403,80,ONLINE/THETA-0.0
16377,759373,81,ONLINE/THETA-0.0
26116,297702,82,ONLINE/THETA-0.0
16730,1119370,83,ONLINE/THETA-0.0
21404,166886,84,ONLINE/THETA-0.0
19473,661290,85,ONLINE/THETA-0.0
8415,275772,86,ONLINE/THETA-0.0
20296,1376852,87,ONLINE/THETA-0.0
26940,600301,89,ONLINE/THETA-0.0
13416,311535,91,ONLINE/THETA-0.0
11607,394647,92,ONLINE/THETA-0.0
25384,933808,93,ONLINE/THETA-0.0
17408,834846,94,ONLINE/THETA-0.0
10805,207898,96,ONLINE/THETA-0.0
14144,941261,97,ONLINE/THETA-0.0
21222,972220,98,ONLINE/THETA-0.0
24640,311135,99,ONLINE/THETA-0.0
55327,2391615,31,ONLINE/THETA-0.0
16728,838826,32,ONLINE/THETA-0.0
20340,1340828,33,ONLINE/THETA-0.0
13827,441975,34,ONLINE/THETA-0.0
22965,1421187,35,ONLINE/THETA-0.0
44704,882022,36,ONLINE/THETA-0.0
9663,363692,37,ONLINE/THETA-0.0
24820,1502864,38,ONLINE/THETA-0.0
32716,648183,39a,ONLINE/THETA-0.0
26716,506587,39b,ONLINE/THETA-0.0
21231,746374,40,ONLINE/THETA-0.0
1863,1495,41,ONLINE/THETA-0.0
9948,387692,42,ONLINE/THETA-0.0
9637,343468,43,ONLINE/THETA-0.0
17708,291949,44,ONLINE/THETA-0.0
17148,686653,45,ONLINE/THETA-0.0
15598,562211,46,ONLINE/THETA-0.0
33686,1316326,47,ONLINE/THETA-0.0
15539,677619,48,ONLINE/THETA-0.0
29904,2562897,49,ONLINE/THETA-0.0
51903,1741901,50,ONLINE/THETA-0.0
32120,1779602,51,ONLINE/THETA-0.0
11967,491935,52,ONLINE/THETA-0.0
47330,427070,53,ONLINE/THETA-0.0
29887,1140711,54,ONLINE/THETA-0.0
10899,466273,55,ONLINE/THETA-0.0
17192,1157042,56,ONLINE/THETA-0.0
30737,1139507,57,ONLINE/THETA-0.0
29009,2623851,58,ONLINE/THETA-0.0
13446,541265,59,ONLINE/THETA-0.0
20339,1253595,60,ONLINE/THETA-0.0
24806,1614375,61,ONLINE/THETA-0.0
19219,285622,62,ONLINE/THETA-0.0
14883,538410,68,ONLINE/THETA-0.0
17627,1205228,69,ONLINE/THETA-0.0
29472,1805514,70,ONLINE/THETA-0.0
24176,1690977,71,ONLINE/THETA-0.0
12057,457927,73,ONLINE/THETA-0.0
34830,2669304,74,ONLINE/THETA-0.0
56337,4070763,75,ONLINE/THETA-0.0
16449,1031981,76,ONLINE/THETA-0.0
17874,109477,41,ONLINE/THETA-0.25
22954,552065,42,ONLINE/THETA-0.25
18694,349488,43,ONLINE/THETA-0.25
19815,363440,44,ONLINE/THETA-0.25
30735,978553,45,ONLINE/THETA-0.25
20055,300249,46,ONLINE/THETA-0.25
73389,1443036,47,ONLINE/THETA-0.25
25501,569882,48,ONLINE/THETA-0.25
34910,1924256,49,ONLINE/THETA-0.25
34133,1047914,50,ONLINE/THETA-0.25
23426,1050536,51,ONLINE/THETA-0.25
15365,301257,52,ONLINE/THETA-0.25
34506,196652,53,ONLINE/THETA-0.25
26584,759137,54,ONLINE/THETA-0.25
14708,313272,55,ONLINE/THETA-0.25
21075,951451,56,ONLINE/THETA-0.25
30743,766400,57,ONLINE/THETA-0.25
26959,1639579,58,ONLINE/THETA-0.25
15964,441028,59,ONLINE/THETA-0.25
22594,1047916,60,ONLINE/THETA-0.25
25347,669054,61,ONLINE/THETA-0.25
20570,271186,62,ONLINE/THETA-0.25
18031,242865,68,ONLINE/THETA-0.25
181390,6925276,14b,ONLINE/THETA-0.25
55130,785923,15,ONLINE/THETA-0.25
21323,717666,16,ONLINE/THETA-0.25
41684,1433241,17,ONLINE/THETA-0.25
28741,747182,18,ONLINE/THETA-0.25
21729,460254,19,ONLINE/THETA-0.25
27616,510004,20,ONLINE/THETA-0.25
7737,115406,21,ONLINE/THETA-0.25
8771,211393,22,ONLINE/THETA-0.25
71315,4179590,23a,ONLINE/THETA-0.25
83119,5181243,23b,ONLINE/THETA-0.25
28931,702250,24a,ONLINE/THETA-0.25
28144,712123,24b,ONLINE/THETA-0.25
65089,1338368,25,ONLINE/THETA-0.25
23477,533545,26,ONLINE/THETA-0.25
52663,381245,27,ONLINE/THETA-0.25
20068,1509557,28,ONLINE/THETA-0.25
36763,1181240,29,ONLINE/THETA-0.25
18770,803093,30,ONLINE/THETA-0.25
20845,1402282,31,ONLINE/THETA-0.25
11337,182316,32,ONLINE/THETA-0.25
22109,912738,33,ONLINE/THETA-0.25
14547,218494,34,ONLINE/THETA-0.25
22278,779747,35,ONLINE/THETA-0.25
22958,481434,36,ONLINE/THETA-0.25
6443,190181,37,ONLINE/THETA-0.25
21648,1009879,38,ONLINE/THETA-0.25
24981,470280,39a,ONLINE/THETA-0.25
25619,507792,39b,ONLINE/THETA-0.25
18549,727308,40,ONLINE/THETA-0.25
72113,3889503,88,ONLINE/THETA-0.25
14110,369629,90,ONLINE/THETA-0.25
15490,747565,01,ONLINE/THETA-0.25
34179,498293,02,ONLINE/THETA-0.25
17529,274695,63,ONLINE/THETA-0.25
58051,1683392,64,ONLINE/THETA-0.25
28115,1322406,65,ONLINE/THETA-0.25
29193,634661,66,ONLINE/THETA-0.25
54705,2093640,67,ONLINE/THETA-0.25
16285,421559,03,ONLINE/THETA-0.25
85979,8158335,04,ONLINE/THETA-0.25
29839,2574249,05,ONLINE/THETA-0.25
24373,759539,06,ONLINE/THETA-0.25
39994,1023219,07,ONLINE/THETA-0.25
14236,294393,08,ONLINE/THETA-0.25
27136,2488659,09,ONLINE/THETA-0.25
20611,717821,10,ONLINE/THETA-0.25
51946,4118181,11,ONLINE/THETA-0.25
11999,439045,12,ONLINE/THETA-0.25
18165,274804,13,ONLINE/THETA-0.25
105655,5553089,14a,ONLINE/THETA-0.25
42542,1725699,69,ONLINE/THETA-0.25
36555,1483414,70,ONLINE/THETA-0.25
29485,1249057,71,ONLINE/THETA-0.25
14963,190751,73,ONLINE/THETA-0.25
42900,2426969,74,ONLINE/THETA-0.25
67390,3715755,75,ONLINE/THETA-0.25
17462,1009914,76,ONLINE/THETA-0.25
28240,1564475,77,ONLINE/THETA-0.25
56979,4236628,78,ONLINE/THETA-0.25
27883,629543,79,ONLINE/THETA-0.25
31101,1722141,80,ONLINE/THETA-0.25
15953,773451,81,ONLINE/THETA-0.25
11822,269775,82,ONLINE/THETA-0.25
15975,872840,83,ONLINE/THETA-0.25
7018,184540,84,ONLINE/THETA-0.25
18746,611557,85,ONLINE/THETA-0.25
9084,347954,86,ONLINE/THETA-0.25
21541,1135388,87,ONLINE/THETA-0.25
22160,559600,89,ONLINE/THETA-0.25
13641,325319,91,ONLINE/THETA-0.25
10550,438244,92,ONLINE/THETA-0.25
26721,671655,93,ONLINE/THETA-0.25
16288,884048,94,ONLINE/THETA-0.25
11049,121670,96,ONLINE/THETA-0.25
17517,671393,97,ONLINE/THETA-0.25
24116,747981,98,ONLINE/THETA-0.25
26363,233878,99,ONLINE/THETA-0.25
18980,75533,41,ONLINE/THETA-0.25
25630,561520,42,ONLINE/THETA-0.25
20341,382665,43,ONLINE/THETA-0.25
21518,370786,44,ONLINE/THETA-0.25
23777,1034675,45,ONLINE/THETA-0.25
19231,284855,46,ONLINE/THETA-0.25
43394,1226549,47,ONLINE/THETA-0.25
23822,540306,48,ONLINE/THETA-0.25
60611,1865323,49,ONLINE/THETA-0.25
34678,1058029,50,ONLINE/THETA-0.25
21763,945286,51,ONLINE/THETA-0.25
14359,312981,52,ONLINE/THETA-0.25
13463,218117,53,ONLINE/THETA-0.25
27815,731299,54,ONLINE/THETA-0.25
14191,312536,55,ONLINE/THETA-0.25
26522,1191086,56,ONLINE/THETA-0.25
34131,722709,57,ONLINE/THETA-0.25
27938,1968753,58,ONLINE/THETA-0.25
16928,524868,59,ONLINE/THETA-0.25
23107,1167134,60,ONLINE/THETA-0.25
22817,549166,61,ONLINE/THETA-0.25
19416,258641,62,ONLINE/THETA-0.25
18965,248466,68,ONLINE/THETA-0.25
140096,7418612,14b,ONLINE/THETA-0.25
18009,545896,15,ONLINE/THETA-0.25
21993,719755,16,ONLINE/THETA-0.25
39478,1257347,17,ONLINE/THETA-0.25
29588,727206,18,ONLINE/THETA-0.25
21103,455950,19,ONLINE/THETA-0.25
15886,489854,20,ONLINE/THETA-0.25
8349,95944,21,ONLINE/THETA-0.25
9590,214895,22,ONLINE/THETA-0.25
71872,4097825,23a,ONLINE/THETA-0.25
80105,4918384,23b,ONLINE/THETA-0.25
31495,753038,24a,ONLINE/THETA-0.25
29214,664633,24b,ONLINE/THETA-0.25
39826,1482060,25,ONLINE/THETA-0.25
26610,610583,26,ONLINE/THETA-0.25
21812,392220,27,ONLINE/THETA-0.25
23516,1700866,28,ONLINE/THETA-0.25
35587,1259932,29,ONLINE/THETA-0.25
14760,719583,30,ONLINE/THETA-0.25
23932,1455725,31,ONLINE/THETA-0.25
11215,188101,32,ONLINE/THETA-0.25
20751,894873,33,ONLINE/THETA-0.25
13789,194758,34,ONLINE/THETA-0.25
21156,871082,35,ONLINE/THETA-0.25
23415,507354,36,ONLINE/THETA-0.25
6945,176167,37,ONLINE/THETA-0.25
20613,970433,38,ONLINE/THETA-0.25
25024,494861,39a,ONLINE/THETA-0.25
43054,455323,39b,ONLINE/THETA-0.25
18278,513322,40,ONLINE/THETA-0.25
71144,3586364,88,ONLINE/THETA-0.25
14900,444021,90,ONLINE/THETA-0.25
17712,882121,01,ONLINE/THETA-0.25
15186,379026,02,ONLINE/THETA-0.25
18588,284025,63,ONLINE/THETA-0.25
53161,1507170,64,ONLINE/THETA-0.25
25978,1241129,65,ONLINE/THETA-0.25
28566,610268,66,ONLINE/THETA-0.25
51300,1905513,67,ONLINE/THETA-0.25
15775,373300,03,ONLINE/THETA-0.25
67314,5865391,04,ONLINE/THETA-0.25
49885,2157987,05,ONLINE/THETA-0.25
19690,625740,06,ONLINE/THETA-0.25
43230,1211494,07,ONLINE/THETA-0.25
15291,301447,08,ONLINE/THETA-0.25
27292,2290892,09,ONLINE/THETA-0.25
25004,842434,10,ONLINE/THETA-0.25
53568,3944309,11,ONLINE/THETA-0.25
12585,487666,12,ONLINE/THETA-0.25
18221,305245,13,ONLINE/THETA-0.25
105430,5759472,14a,ONLINE/THETA-0.25
39327,1504769,69,ONLINE/THETA-0.25
39792,1521586,70,ONLINE/THETA-0.25
25946,936595,71,ONLINE/THETA-0.25
15248,201240,73,ONLINE/THETA-0.25
41742,2632225,74,ONLINE/THETA-0.25
55039,3631829,75,ONLINE/THETA-0.25
15726,705596,76,ONLINE/THETA-0.25
25762,1666496,77,ONLINE/THETA-0.25
55720,4038516,78,ONLINE/THETA-0.25
27066,587731,79,ONLINE/THETA-0.25
33423,1679446,80,ONLINE/THETA-0.25
15204,762253,81,ONLINE/THETA-0.25
10577,307278,82,ONLINE/THETA-0.25
12517,777201,83,ONLINE/THETA-0.25
7937,189460,84,ONLINE/THETA-0.25
13179,591790,85,ONLINE/THETA-0.25
11551,410946,86,ONLINE/THETA-0.25
22056,1091807,87,ONLINE/THETA-0.25
19445,421531,89,ONLINE/THETA-0.25
12646,259987,91,ONLINE/THETA-0.25
46553,446961,92,ONLINE/THETA-0.25
29735,827123,93,ONLINE/THETA-0.25
16554,791919,94,ONLINE/THETA-0.25
12601,136338,96,ONLINE/THETA-0.25
16964,658284,97,ONLINE/THETA-0.25
27689,942148,98,ONLINE/THETA-0.25
25563,230110,99,ONLINE/THETA-0.25
134609,6385083,14b,ONLINE/THETA-0.25
23043,748241,15,ONLINE/THETA-0.25
21329,727014,16,ONLINE/THETA-0.25
39470,1303573,17,ONLINE/THETA-0.25
30380,793836,18,ONLINE/THETA-0.25
21828,482253,19,ONLINE/THETA-0.25
15785,450688,20,ONLINE/THETA-0.25
10652,142809,21,ONLINE/THETA-0.25
9473,224259,22,ONLINE/THETA-0.25
72539,4317072,23a,ONLINE/THETA-0.25
89436,4052441,23b,ONLINE/THETA-0.25
56439,718700,24a,ONLINE/THETA-0.25
30137,713657,24b,ONLINE/THETA-0.25
36528,1382480,25,ONLINE/THETA-0.25
22610,477040,26,ONLINE/THETA-0.25
24382,504675,27,ONLINE/THETA-0.25
18850,1401466,28,ONLINE/THETA-0.25
35136,1168049,29,ONLINE/THETA-0.25
15341,720023,30,ONLINE/THETA-0.25
21409,1679610,31,ONLINE/THETA-0.25
10322,198329,32,ONLINE/THETA-0.25
21893,874836,33,ONLINE/THETA-0.25
14861,213581,34,ONLINE/THETA-0.25
22077,878119,35,ONLINE/THETA-0.25
23007,457621,36,ONLINE/THETA-0.25
7239,191599,37,ONLINE/THETA-0.25
19168,1032711,38,ONLINE/THETA-0.25
26794,489027,39a,ONLINE/THETA-0.25
25699,464155,39b,ONLINE/THETA-0.25
16988,521904,40,ONLINE/THETA-0.25
70903,3642752,88,ONLINE/THETA-0.25
14391,534950,90,ONLINE/THETA-0.25
14637,736069,01,ONLINE/THETA-0.25
13930,348192,02,ONLINE/THETA-0.25
17437,268895,63,ONLINE/THETA-0.25
54646,1612853,64,ONLINE/THETA-0.25
27873,1516758,65,ONLINE/THETA-0.25
26682,614918,66,ONLINE/THETA-0.25
52535,1997391,67,ONLINE/THETA-0.25
15980,393299,03,ONLINE/THETA-0.25
69449,6471127,04,ONLINE/THETA-0.25
27112,2068449,05,ONLINE/THETA-0.25
21574,623465,06,ONLINE/THETA-0.25
39240,954923,07,ONLINE/THETA-0.25
14217,301639,08,ONLINE/THETA-0.25
26058,2296828,09,ONLINE/THETA-0.25
21453,928076,10,ONLINE/THETA-0.25
47410,3443412,11,ONLINE/THETA-0.25
12196,460226,12,ONLINE/THETA-0.25
19580,285428,13,ONLINE/THETA-0.25
106343,5564414,14a,ONLINE/THETA-0.25
18444,122769,41,ONLINE/THETA-0.25
25931,601217,42,ONLINE/THETA-0.25
20306,387065,43,ONLINE/THETA-0.25
22145,398775,44,ONLINE/THETA-0.25
28141,1126500,45,ONLINE/THETA-0.25
20728,311187,46,ONLINE/THETA-0.25
42121,1288417,47,ONLINE/THETA-0.25
20009,425187,48,ONLINE/THETA-0.25
52933,2117126,49,ONLINE/THETA-0.25
33178,1054567,50,ONLINE/THETA-0.25
24347,921577,51,ONLINE/THETA-0.25
19577,324473,52,ONLINE/THETA-0.25
14037,209915,53,ONLINE/THETA-0.25
23318,626036,54,ONLINE/THETA-0.25
14800,333754,55,ONLINE/THETA-0.25
22301,1209305,56,ONLINE/THETA-0.25
31234,813018,57,ONLINE/THETA-0.25
35463,1971591,58,ONLINE/THETA-0.25
22324,677650,59,ONLINE/THETA-0.25
43669,1085344,60,ONLINE/THETA-0.25
22943,623468,61,ONLINE/THETA-0.25
19698,255702,62,ONLINE/THETA-0.25
18215,256546,68,ONLINE/THETA-0.25
37929,1495188,69,ONLINE/THETA-0.25
35734,1371664,70,ONLINE/THETA-0.25
26717,985809,71,ONLINE/THETA-0.25
14938,183711,73,ONLINE/THETA-0.25
38712,2418101,74,ONLINE/THETA-0.25
53190,3366214,75,ONLINE/THETA-0.25
16322,751941,76,ONLINE/THETA-0.25
27633,1850818,77,ONLINE/THETA-0.25
53048,3663635,78,ONLINE/THETA-0.25
28122,558952,79,ONLINE/THETA-0.25
70848,2839198,80,ONLINE/THETA-0.25
16565,822359,81,ONLINE/THETA-0.25
10467,301513,82,ONLINE/THETA-0.25
17016,1159810,83,ONLINE/THETA-0.25
7225,175258,84,ONLINE/THETA-0.25
15562,599122,85,ONLINE/THETA-0.25
8151,305250,86,ONLINE/THETA-0.25
20557,981450,87,ONLINE/THETA-0.25
20568,430493,89,ONLINE/THETA-0.25
12905,284742,91,ONLINE/THETA-0.25
10957,419428,92,ONLINE/THETA-0.25
28179,796621,93,ONLINE/THETA-0.25
16660,789101,94,ONLINE/THETA-0.25
13302,144113,96,ONLINE/THETA-0.25
21454,870301,97,ONLINE/THETA-0.25
24872,800720,98,ONLINE/THETA-0.25
25371,222725,99,ONLINE/THETA-0.25
131307,6778356,14b,ONLINE/THETA-0.25
18813,563535,15,ONLINE/THETA-0.25
22237,713258,16,ONLINE/THETA-0.25
41111,1331057,17,ONLINE/THETA-0.25
27324,616586,18,ONLINE/THETA-0.25
22277,475390,19,ONLINE/THETA-0.25
15150,444207,20,ONLINE/THETA-0.25
8757,115713,21,ONLINE/THETA-0.25
8948,207365,22,ONLINE/THETA-0.25
71228,4279595,23a,ONLINE/THETA-0.25
94680,4788505,23b,ONLINE/THETA-0.25
30374,729258,24a,ONLINE/THETA-0.25
28954,661668,24b,ONLINE/THETA-0.25
59127,1199119,25,ONLINE/THETA-0.25
24647,570950,26,ONLINE/THETA-0.25
23275,398513,27,ONLINE/THETA-0.25
24332,1579939,28,ONLINE/THETA-0.25
35467,1195536,29,ONLINE/THETA-0.25
19088,800560,30,ONLINE/THETA-0.25
72563,3911273,88,ONLINE/THETA-0.25
13683,522465,90,ONLINE/THETA-0.25
14842,772100,01,ONLINE/THETA-0.25
14335,336673,02,ONLINE/THETA-0.25
17437,296831,63,ONLINE/THETA-0.25
51753,1547977,64,ONLINE/THETA-0.25
26949,1381955,65,ONLINE/THETA-0.25
26354,663873,66,ONLINE/THETA-0.25
50536,1914245,67,ONLINE/THETA-0.25
15913,383384,03,ONLINE/THETA-0.25
71378,6590895,04,ONLINE/THETA-0.25
27641,2173841,05,ONLINE/THETA-0.25
20992,666643,06,ONLINE/THETA-0.25
36768,879331,07,ONLINE/THETA-0.25
15169,310946,08,ONLINE/THETA-0.25
25740,2329410,09,ONLINE/THETA-0.25
20167,784016,10,ONLINE/THETA-0.25
48171,3537342,11,ONLINE/THETA-0.25
11552,484952,12,ONLINE/THETA-0.25
18798,282289,13,ONLINE/THETA-0.25
109004,5786299,14a,ONLINE/THETA-0.25
36725,2374585,31,ONLINE/THETA-0.25
14090,223506,32,ONLINE/THETA-0.25
25583,1038781,33,ONLINE/THETA-0.25
15377,221471,34,ONLINE/THETA-0.25
25034,897946,35,ONLINE/THETA-0.25
26195,580999,36,ONLINE/THETA-0.25
7978,249731,37,ONLINE/THETA-0.25
20735,1141268,38,ONLINE/THETA-0.25
26793,490188,39a,ONLINE/THETA-0.25
27520,542381,39b,ONLINE/THETA-0.25
18290,572056,40,ONLINE/THETA-0.25
1986,1332,41,ONLINE/THETA-0.25
14741,364531,42,ONLINE/THETA-0.25
13659,221531,43,ONLINE/THETA-0.25
14863,214760,44,ONLINE/THETA-0.25
21664,864801,45,ONLINE/THETA-0.25
43383,271657,46,ONLINE/THETA-0.25
48318,1623112,47,ONLINE/THETA-0.25
18717,403330,48,ONLINE/THETA-0.25
27877,2020927,49,ONLINE/THETA-0.25
55879,1660313,50,ONLINE/THETA-0.25
30576,1416972,51,ONLINE/THETA-0.25
15430,359952,52,ONLINE/THETA-0.25
14929,248812,53,ONLINE/THETA-0.25
30908,861059,54,ONLINE/THETA-0.25
16852,363062,55,ONLINE/THETA-0.25
25716,1116531,56,ONLINE/THETA-0.25
33809,901553,57,ONLINE/THETA-0.25
32597,2128249,58,ONLINE/THETA-0.25
19643,619415,59,ONLINE/THETA-0.25
23856,1133141,60,ONLINE/THETA-0.25
27016,621206,61,ONLINE/THETA-0.25
20218,319890,62,ONLINE/THETA-0.25
18238,247088,68,ONLINE/THETA-0.25
21098,1371074,69,ONLINE/THETA-0.25
29379,1302207,70,ONLINE/THETA-0.25
20760,811027,71,ONLINE/THETA-0.25
13143,177523,73,ONLINE/THETA-0.25
40201,2474887,74,ONLINE/THETA-0.25
46423,3368612,75,ONLINE/THETA-0.25
14366,675172,76,ONLINE/THETA-0.25
40305,2514065,77,ONLINE/THETA-0.25
63459,4670257,78,ONLINE/THETA-0.25
29304,661600,79,ONLINE/THETA-0.25
35530,1970124,80,ONLINE/THETA-0.25
19058,832852,81,ONLINE/THETA-0.25
11869,339635,82,ONLINE/THETA-0.25
20598,1293792,83,ONLINE/THETA-0.25
10318,229678,84,ONLINE/THETA-0.25
14555,687957,85,ONLINE/THETA-0.25
8189,276422,86,ONLINE/THETA-0.25
19618,1015317,87,ONLINE/THETA-0.25
23891,532604,89,ONLINE/THETA-0.25
14430,275811,91,ONLINE/THETA-0.25
9116,383861,92,ONLINE/THETA-0.25
27556,746266,93,ONLINE/THETA-0.25
15641,796149,94,ONLINE/THETA-0.25
13218,134800,96,ONLINE/THETA-0.25
17310,678316,97,ONLINE/THETA-0.25
23202,763434,98,ONLINE/THETA-0.25
24967,217226,99,ONLINE/THETA-0.25
130613,6893702,14b,ONLINE/THETA-0.25
17644,556308,15,ONLINE/THETA-0.25
20828,666420,16,ONLINE/THETA-0.25
40141,1212143,17,ONLINE/THETA-0.25
28836,662388,18,ONLINE/THETA-0.25
24057,615589,19,ONLINE/THETA-0.25
19505,608128,20,ONLINE/THETA-0.25
29423,110855,21,ONLINE/THETA-0.25
9129,227172,22,ONLINE/THETA-0.25
70559,4081740,23a,ONLINE/THETA-0.25
72487,4105965,23b,ONLINE/THETA-0.25
34134,893928,24a,ONLINE/THETA-0.25
28822,719852,24b,ONLINE/THETA-0.25
34126,1181479,25,ONLINE/THETA-0.25
24580,543899,26,ONLINE/THETA-0.25
23463,379209,27,ONLINE/THETA-0.25
20544,1470982,28,ONLINE/THETA-0.25
36677,1289261,29,ONLINE/THETA-0.25
15297,762465,30,ONLINE/THETA-0.25
53400,1694198,50,ONLINE/THETA-0.25
31402,1316349,51,ONLINE/THETA-0.25
15962,357587,52,ONLINE/THETA-0.25
15632,216663,53,ONLINE/THETA-0.25
27803,667337,54,ONLINE/THETA-0.25
15072,372761,55,ONLINE/THETA-0.25
23766,1453882,56,ONLINE/THETA-0.25
33245,874927,57,ONLINE/THETA-0.25
34770,2114488,58,ONLINE/THETA-0.25
18976,526079,59,ONLINE/THETA-0.25
26208,1255787,60,ONLINE/THETA-0.25
25158,629545,61,ONLINE/THETA-0.25
19765,314521,62,ONLINE/THETA-0.25
18913,235261,68,ONLINE/THETA-0.25
21440,789950,69,ONLINE/THETA-0.25
30912,1155957,70,ONLINE/THETA-0.25
25702,908465,71,ONLINE/THETA-0.25
12325,162803,73,ONLINE/THETA-0.25
41410,2486731,74,ONLINE/THETA-0.25
42841,3196703,75,ONLINE/THETA-0.25
14630,625559,76,ONLINE/THETA-0.25
42805,2559399,31,ONLINE/THETA-0.25
13300,194208,32,ONLINE/THETA-0.25
24159,1092343,33,ONLINE/THETA-0.25
15722,220175,34,ONLINE/THETA-0.25
24404,820033,35,ONLINE/THETA-0.25
35515,545527,36,ONLINE/THETA-0.25
10039,254835,37,ONLINE/THETA-0.25
37618,1199759,38,ONLINE/THETA-0.25
28219,529156,39a,ONLINE/THETA-0.25
25757,478883,39b,ONLINE/THETA-0.25
19296,537891,40,ONLINE/THETA-0.25
2374,717,41,ONLINE/THETA-0.25
15540,334821,42,ONLINE/THETA-0.25
13545,209822,43,ONLINE/THETA-0.25
13808,181348,44,ONLINE/THETA-0.25
22141,1168699,45,ONLINE/THETA-0.25
17702,288475,46,ONLINE/THETA-0.25
43521,1299359,47,ONLINE/THETA-0.25
19767,414550,48,ONLINE/THETA-0.25
27842,2034075,49,ONLINE/THETA-0.25
70237,3791123,88,ONLINE/THETA-0.25
13163,607802,90,ONLINE/THETA-0.25
15211,753928,01,ONLINE/THETA-0.25
16394,568209,02,ONLINE/THETA-0.25
15917,245641,63,ONLINE/THETA-0.25
49958,1418088,64,ONLINE/THETA-0.25
31003,1688195,65,ONLINE/THETA-0.25
30567,665468,66,ONLINE/THETA-0.25
53873,2078923,67,ONLINE/THETA-0.25
17281,435257,03,ONLINE/THETA-0.25
68812,6196377,04,ONLINE/THETA-0.25
25995,2104118,05,ONLINE/THETA-0.25
19167,537002,06,ONLINE/THETA-0.25
39059,1042137,07,ONLINE/THETA-0.25
14612,293051,08,ONLINE/THETA-0.25
26640,2297105,09,ONLINE/THETA-0.25
20036,707569,10,ONLINE/THETA-0.25
48415,3341040,11,ONLINE/THETA-0.25
11982,446028,12,ONLINE/THETA-0.25
19383,274334,13,ONLINE/THETA-0.25
102315,5031531,14a,ONLINE/THETA-0.25
39895,2534504,77,ONLINE/THETA-0.25
63056,4825065,78,ONLINE/THETA-0.25
30118,669375,79,ONLINE/THETA-0.25
65543,2330890,80,ONLINE/THETA-0.25
17948,820378,81,ONLINE/THETA-0.25
11092,313018,82,ONLINE/THETA-0.25
16789,1168125,83,ONLINE/THETA-0.25
28452,188192,84,ONLINE/THETA-0.25
18922,846656,85,ONLINE/THETA-0.25
8166,266434,86,ONLINE/THETA-0.25
39690,961695,87,ONLINE/THETA-0.25
21105,502337,89,ONLINE/THETA-0.25
38402,249809,91,ONLINE/THETA-0.25
18745,481033,92,ONLINE/THETA-0.25
30371,914715,93,ONLINE/THETA-0.25
16423,772303,94,ONLINE/THETA-0.25
12417,128496,96,ONLINE/THETA-0.25
17060,665347,97,ONLINE/THETA-0.25
28485,894223,98,ONLINE/THETA-0.25
25251,218520,99,ONLINE/THETA-0.25
17806,88085,41,ONLINE/THETA-0.5
25938,652089,42,ONLINE/THETA-0.5
17205,282829,43,ONLINE/THETA-0.5
20075,304881,44,ONLINE/THETA-0.5
24890,965437,45,ONLINE/THETA-0.5
20678,293931,46,ONLINE/THETA-0.5
47880,1519712,47,ONLINE/THETA-0.5
22110,510457,48,ONLINE/THETA-0.5
35257,2044498,49,ONLINE/THETA-0.5
35864,1118908,50,ONLINE/THETA-0.5
23748,729077,51,ONLINE/THETA-0.5
27514,343833,52,ONLINE/THETA-0.5
14819,198804,53,ONLINE/THETA-0.5
51536,681993,54,ONLINE/THETA-0.5
14747,367684,55,ONLINE/THETA-0.5
25722,1352561,56,ONLINE/THETA-0.5
32779,892259,57,ONLINE/THETA-0.5
27417,1584981,58,ONLINE/THETA-0.5
18281,638526,59,ONLINE/THETA-0.5
38320,977519,60,ONLINE/THETA-0.5
23703,552822,61,ONLINE/THETA-0.5
18817,227655,62,ONLINE/THETA-0.5
18803,258468,68,ONLINE/THETA-0.5
40485,1433614,69,ONLINE/THETA-0.5
39077,1597959,70,ONLINE/THETA-0.5
24514,805735,71,ONLINE/THETA-0.5
15028,186289,73,ONLINE/THETA-0.5
40477,2557422,74,ONLINE/THETA-0.5
53155,4062940,75,ONLINE/THETA-0.5
15022,563000,76,ONLINE/THETA-0.5
28157,1766858,77,ONLINE/THETA-0.5
50099,3772003,78,ONLINE/THETA-0.5
31020,768088,79,ONLINE/THETA-0.5
37614,2238696,80,ONLINE/THETA-0.5
15056,777835,81,ONLINE/THETA-0.5
10594,297629,82,ONLINE/THETA-0.5
14161,897271,83,ONLINE/THETA-0.5
7162,176505,84,ONLINE/THETA-0.5
13166,513317,85,ONLINE/THETA-0.5
7505,204548,86,ONLINE/THETA-0.5
20213,964092,87,ONLINE/THETA-0.5
20239,477364,89,ONLINE/THETA-0.5
12975,311071,91,ONLINE/THETA-0.5
8798,383102,92,ONLINE/THETA-0.5
25699,661311,93,ONLINE/THETA-0.5
16820,853158,94,ONLINE/THETA-0.5
11644,119105,96,ONLINE/THETA-0.5
16305,669836,97,ONLINE/THETA-0.5
23680,743799,98,ONLINE/THETA-0.5
25920,220618,99,ONLINE/THETA-0.5
70833,3800459,88,ONLINE/THETA-0.5
13999,356515,90,ONLINE/THETA-0.5
15030,714967,01,ONLINE/THETA-0.5
14441,346495,02,ONLINE/THETA-0.5
15133,241107,63,ONLINE/THETA-0.5
51010,1531556,64,ONLINE/THETA-0.5
26785,1232090,65,ONLINE/THETA-0.5
27645,587121,66,ONLINE/THETA-0.5
51179,1902070,67,ONLINE/THETA-0.5
14639,366472,03,ONLINE/THETA-0.5
68564,6346009,04,ONLINE/THETA-0.5
29740,2098096,05,ONLINE/THETA-0.5
19734,573588,06,ONLINE/THETA-0.5
33188,745699,07,ONLINE/THETA-0.5
14507,274481,08,ONLINE/THETA-0.5
26266,2409162,09,ONLINE/THETA-0.5
22600,832737,10,ONLINE/THETA-0.5
47959,3275109,11,ONLINE/THETA-0.5
11511,369238,12,ONLINE/THETA-0.5
18602,273263,13,ONLINE/THETA-0.5
104343,4816119,14a,ONLINE/THETA-0.5
140362,7001976,14b,ONLINE/THETA-0.5
49701,503482,15,ONLINE/THETA-0.5
23044,782382,16,ONLINE/THETA-0.5
41948,1461239,17,ONLINE/THETA-0.5
28282,708846,18,ONLINE/THETA-0.5
21521,460049,19,ONLINE/THETA-0.5
16740,477009,20,ONLINE/THETA-0.5
9688,109456,21,ONLINE/THETA-0.5
9136,213229,22,ONLINE/THETA-0.5
77280,4227116,23a,ONLINE/THETA-0.5
111409,5174741,23b,ONLINE/THETA-0.5
31031,747490,24a,ONLINE/THETA-0.5
55342,711725,24b,ONLINE/THETA-0.5
34977,1256539,25,ONLINE/THETA-0.5
22634,491586,26,ONLINE/THETA-0.5
24638,359376,27,ONLINE/THETA-0.5
34262,1660520,28,ONLINE/THETA-0.5
37681,1341120,29,ONLINE/THETA-0.5
17166,723822,30,ONLINE/THETA-0.5
28517,1693899,31,ONLINE/THETA-0.5
11465,199118,32,ONLINE/THETA-0.5
21197,844751,33,ONLINE/THETA-0.5
13856,210058,34,ONLINE/THETA-0.5
22386,757645,35,ONLINE/THETA-0.5
23144,508318,36,ONLINE/THETA-0.5
7030,190314,37,ONLINE/THETA-0.5
19116,1003744,38,ONLINE/THETA-0.5
26695,466741,39a,ONLINE/THETA-0.5
29459,485193,39b,ONLINE/THETA-0.5
16801,575766,40,ONLINE/THETA-0.5
42369,1480523,69,ONLINE/THETA-0.5
58314,1563205,70,ONLINE/THETA-0.5
23613,790480,71,ONLINE/THETA-0.5
15954,184880,73,ONLINE/THETA-0.5
42076,2633344,74,ONLINE/THETA-0.5
55308,3339991,75,ONLINE/THETA-0.5
14957,548531,76,ONLINE/THETA-0.5
26642,1988439,77,ONLINE/THETA-0.5
55624,3738124,78,ONLINE/THETA-0.5
51125,642383,79,ONLINE/THETA-0.5
64855,1931930,80,ONLINE/THETA-0.5
22048,940426,81,ONLINE/THETA-0.5
12160,331128,82,ONLINE/THETA-0.5
14520,952028,83,ONLINE/THETA-0.5
26704,159917,84,ONLINE/THETA-0.5
17692,945506,85,ONLINE/THETA-0.5
8305,242737,86,ONLINE/THETA-0.5
20862,939912,87,ONLINE/THETA-0.5
46525,475279,89,ONLINE/THETA-0.5
14573,321109,91,ONLINE/THETA-0.5
8338,303560,92,ONLINE/THETA-0.5
29394,826071,93,ONLINE/THETA-0.5
15210,679987,94,ONLINE/THETA-0.5
34473,121476,96,ONLINE/THETA-0.5
18745,833307,97,ONLINE/THETA-0.5
25932,873875,98,ONLINE/THETA-0.5
29292,228767,99,ONLINE/THETA-0.5
139179,7593546,14b,ONLINE/THETA-0.5
16469,481962,15,ONLINE/THETA-0.5
20721,647147,16,ONLINE/THETA-0.5
39847,1343009,17,ONLINE/THETA-0.5
27848,607781,18,ONLINE/THETA-0.5
23182,533077,19,ONLINE/THETA-0.5
19930,653683,20,ONLINE/THETA-0.5
9129,96057,21,ONLINE/THETA-0.5
9698,226433,22,ONLINE/THETA-0.5
80179,4797190,23a,ONLINE/THETA-0.5
82853,5225820,23b,ONLINE/THETA-0.5
29548,726837,24a,ONLINE/THETA-0.5
28436,677900,24b,ONLINE/THETA-0.5
41331,1490299,25,ONLINE/THETA-0.5
23155,475652,26,ONLINE/THETA-0.5
22325,402437,27,ONLINE/THETA-0.5
25373,1434054,28,ONLINE/THETA-0.5
40157,1418560,29,ONLINE/THETA-0.5
14864,711477,30,ONLINE/THETA-0.5
45618,1236549,31,ONLINE/THETA-0.5
12482,195834,32,ONLINE/THETA-0.5
24234,1042199,33,ONLINE/THETA-0.5
13852,207749,34,ONLINE/THETA-0.5
22533,806111,35,ONLINE/THETA-0.5
22659,481667,36,ONLINE/THETA-0.5
7320,213559,37,ONLINE/THETA-0.5
19355,910388,38,ONLINE/THETA-0.5
25124,509243,39a,ONLINE/THETA-0.5
24846,467288,39b,ONLINE/THETA-0.5
16820,530728,40,ONLINE/THETA-0.5
73676,3545857,88,ONLINE/THETA-0.5
13426,473701,90,ONLINE/THETA-0.5
15127,802624,01,ONLINE/THETA-0.5
34699,474691,02,ONLINE/THETA-0.5
21406,306457,63,ONLINE/THETA-0.5
76818,1491605,64,ONLINE/THETA-0.5
25766,1231293,65,ONLINE/THETA-0.5
27768,522544,66,ONLINE/THETA-0.5
51926,1919686,67,ONLINE/THETA-0.5
18553,535869,03,ONLINE/THETA-0.5
71483,6149813,04,ONLINE/THETA-0.5
30944,2125521,05,ONLINE/THETA-0.5
20385,596245,06,ONLINE/THETA-0.5
38648,961100,07,ONLINE/THETA-0.5
15519,318532,08,ONLINE/THETA-0.5
29157,2390576,09,ONLINE/THETA-0.5
20017,715817,10,ONLINE/THETA-0.5
59855,4623486,11,ONLINE/THETA-0.5
15640,530902,12,ONLINE/THETA-0.5
20020,282792,13,ONLINE/THETA-0.5
107701,4915589,14a,ONLINE/THETA-0.5
16184,41136,41,ONLINE/THETA-0.5
25238,585276,42,ONLINE/THETA-0.5
19084,332319,43,ONLINE/THETA-0.5
21280,421186,44,ONLINE/THETA-0.5
22466,879905,45,ONLINE/THETA-0.5
21899,389937,46,ONLINE/THETA-0.5
47615,1529964,47,ONLINE/THETA-0.5
24699,447694,48,ONLINE/THETA-0.5
34174,1811993,49,ONLINE/THETA-0.5
34388,1065080,50,ONLINE/THETA-0.5
22060,897482,51,ONLINE/THETA-0.5
14656,339234,52,ONLINE/THETA-0.5
13073,196387,53,ONLINE/THETA-0.5
63073,857295,54,ONLINE/THETA-0.5
17209,305718,55,ONLINE/THETA-0.5
23074,899755,56,ONLINE/THETA-0.5
32893,877881,57,ONLINE/THETA-0.5
32683,1981764,58,ONLINE/THETA-0.5
19457,556798,59,ONLINE/THETA-0.5
22239,971476,60,ONLINE/THETA-0.5
22480,570053,61,ONLINE/THETA-0.5
19709,262687,62,ONLINE/THETA-0.5
17538,247853,68,ONLINE/THETA-0.5
18403,89864,41,ONLINE/THETA-0.5
37581,758838,42,ONLINE/THETA-0.5
19696,343419,43,ONLINE/THETA-0.5
20535,345738,44,ONLINE/THETA-0.5
25250,1000809,45,ONLINE/THETA-0.5
19905,301376,46,ONLINE/THETA-0.5
42430,1279608,47,ONLINE/THETA-0.5
21113,459278,48,ONLINE/THETA-0.5
37146,1911289,49,ONLINE/THETA-0.5
35812,1054615,50,ONLINE/THETA-0.5
22014,868963,51,ONLINE/THETA-0.5
15174,387193,52,ONLINE/THETA-0.5
14508,209307,53,ONLINE/THETA-0.5
26374,718068,54,ONLINE/THETA-0.5
14907,354949,55,ONLINE/THETA-0.5
22494,956534,56,ONLINE/THETA-0.5
33868,945268,57,ONLINE/THETA-0.5
31143,1934919,58,ONLINE/THETA-0.5
16798,412727,59,ONLINE/THETA-0.5
44815,955392,60,ONLINE/THETA-0.5
24341,545934,61,ONLINE/THETA-0.5
18682,243194,62,ONLINE/THETA-0.5
17605,246421,68,ONLINE/THETA-0.5
134798,7062517,14b,ONLINE/THETA-0.5
20827,665494,15,ONLINE/THETA-0.5
25535,852758,16,ONLINE/THETA-0.5
71897,1580851,17,ONLINE/THETA-0.5
28968,721856,18,ONLINE/THETA-0.5
21746,488273,19,ONLINE/THETA-0.5
19187,604261,20,ONLINE/THETA-0.5
8791,98630,21,ONLINE/THETA-0.5
9952,240483,22,ONLINE/THETA-0.5
76340,4664664,23a,ONLINE/THETA-0.5
111610,4833886,23b,ONLINE/THETA-0.5
60519,896029,24a,ONLINE/THETA-0.5
28195,709088,24b,ONLINE/THETA-0.5
39529,1446415,25,ONLINE/THETA-0.5
24205,513068,26,ONLINE/THETA-0.5
21483,370393,27,ONLINE/THETA-0.5
21358,1444687,28,ONLINE/THETA-0.5
61817,1224102,29,ONLINE/THETA-0.5
21806,1304002,30,ONLINE/THETA-0.5
24713,1298377,31,ONLINE/THETA-0.5
12722,164646,32,ONLINE/THETA-0.5
22088,875460,33,ONLINE/THETA-0.5
13952,184866,34,ONLINE/THETA-0.5
21651,760875,35,ONLINE/THETA-0.5
24564,431749,36,ONLINE/THETA-0.5
6462,183200,37,ONLINE/THETA-0.5
19688,885724,38,ONLINE/THETA-0.5
25407,457042,39a,ONLINE/THETA-0.5
24304,438693,39b,ONLINE/THETA-0.5
21047,538508,40,ONLINE/THETA-0.5
68306,1255274,69,ONLINE/THETA-0.5
40235,1621431,70,ONLINE/THETA-0.5
24219,788143,71,ONLINE/THETA-0.5
13263,182278,73,ONLINE/THETA-0.5
41456,2529814,74,ONLINE/THETA-0.5
53936,3599300,75,ONLINE/THETA-0.5
14834,578387,76,ONLINE/THETA-0.5
26668,1752909,77,ONLINE/THETA-0.5
52928,4083700,78,ONLINE/THETA-0.5
30882,751048,79,ONLINE/THETA-0.5
78954,1962244,80,ONLINE/THETA-0.5
20327,913985,81,ONLINE/THETA-0.5
28463,360828,82,ONLINE/THETA-0.5
22326,1645658,83,ONLINE/THETA-0.5
9471,180840,84,ONLINE/THETA-0.5
47841,649184,85,ONLINE/THETA-0.5
10816,262820,86,ONLINE/THETA-0.5
21276,942834,87,ONLINE/THETA-0.5
20223,484678,89,ONLINE/THETA-0.5
12729,280207,91,ONLINE/THETA-0.5
9948,404396,92,ONLINE/THETA-0.5
27565,738097,93,ONLINE/THETA-0.5
21498,942986,94,ONLINE/THETA-0.5
13945,131740,96,ONLINE/THETA-0.5
17358,724346,97,ONLINE/THETA-0.5
23627,704243,98,ONLINE/THETA-0.5
27418,223175,99,ONLINE/THETA-0.5
72324,3898443,88,ONLINE/THETA-0.5
12462,435623,90,ONLINE/THETA-0.5
14307,709815,01,ONLINE/THETA-0.5
28709,336396,02,ONLINE/THETA-0.5
15142,250142,63,ONLINE/THETA-0.5
56568,1448396,64,ONLINE/THETA-0.5
29384,1438450,65,ONLINE/THETA-0.5
27719,540007,66,ONLINE/THETA-0.5
53768,2112803,67,ONLINE/THETA-0.5
16224,399466,03,ONLINE/THETA-0.5
68688,6099505,04,ONLINE/THETA-0.5
32474,2160378,05,ONLINE/THETA-0.5
19480,580902,06,ONLINE/THETA-0.5
35762,855772,07,ONLINE/THETA-0.5
15419,320516,08,ONLINE/THETA-0.5
28707,2462184,09,ONLINE/THETA-0.5
19685,711978,10,ONLINE/THETA-0.5
49669,3494201,11,ONLINE/THETA-0.5
12111,385738,12,ONLINE/THETA-0.5
19062,266857,13,ONLINE/THETA-0.5
120487,4639782,14a,ONLINE/THETA-0.5
71857,3557934,88,ONLINE/THETA-0.5
13613,429924,90,ONLINE/THETA-0.5
15461,780537,01,ONLINE/THETA-0.5
19296,568430,02,ONLINE/THETA-0.5
15222,244094,63,ONLINE/THETA-0.5
52981,1745160,64,ONLINE/THETA-0.5
28337,1303329,65,ONLINE/THETA-0.5
26813,527206,66,ONLINE/THETA-0.5
55116,2002964,67,ONLINE/THETA-0.5
15155,384992,03,ONLINE/THETA-0.5
70548,6428910,04,ONLINE/THETA-0.5
31770,2090089,05,ONLINE/THETA-0.5
20418,616189,06,ONLINE/THETA-0.5
34343,808935,07,ONLINE/THETA-0.5
14513,297400,08,ONLINE/THETA-0.5
26357,2529163,09,ONLINE/THETA-0.5
20553,706116,10,ONLINE/THETA-0.5
49714,3540883,11,ONLINE/THETA-0.5
12320,333285,12,ONLINE/THETA-0.5
35805,301244,13,ONLINE/THETA-0.5
122660,5644730,14a,ONLINE/THETA-0.5
55156,1583213,50,ONLINE/THETA-0.5
28755,1151138,51,ONLINE/THETA-0.5
16418,400034,52,ONLINE/THETA-0.5
16538,270793,53,ONLINE/THETA-0.5
60475,676783,54,ONLINE/THETA-0.5
15369,402632,55,ONLINE/THETA-0.5
36946,1167606,56,ONLINE/THETA-0.5
37335,1069066,57,ONLINE/THETA-0.5
39547,2463689,58,ONLINE/THETA-0.5
21465,605173,59,ONLINE/THETA-0.5
22884,1182690,60,ONLINE/THETA-0.5
24104,607723,61,ONLINE/THETA-0.5
19702,273032,62,ONLINE/THETA-0.5
19366,265143,68,ONLINE/THETA-0.5
20319,850286,69,ONLINE/THETA-0.5
30281,1159506,70,ONLINE/THETA-0.5
21090,699279,71,ONLINE/THETA-0.5
12684,165630,73,ONLINE/THETA-0.5
36793,2302335,74,ONLINE/THETA-0.5
53114,2974620,75,ONLINE/THETA-0.5
23578,534061,76,ONLINE/THETA-0.5
151370,6921539,14b,ONLINE/THETA-0.5
17523,473931,15,ONLINE/THETA-0.5
23796,756616,16,ONLINE/THETA-0.5
39262,1252390,17,ONLINE/THETA-0.5
27789,645636,18,ONLINE/THETA-0.5
22104,557546,19,ONLINE/THETA-0.5
51247,496922,20,ONLINE/THETA-0.5
9050,103922,21,ONLINE/THETA-0.5
9571,230635,22,ONLINE/THETA-0.5
74275,4511193,23a,ONLINE/THETA-0.5
81046,4904708,23b,ONLINE/THETA-0.5
58586,962118,24a,ONLINE/THETA-0.5
29890,763648,24b,ONLINE/THETA-0.5
63428,1348074,25,ONLINE/THETA-0.5
22033,496027,26,ONLINE/THETA-0.5
21940,384872,27,ONLINE/THETA-0.5
27936,1455680,28,ONLINE/THETA-0.5
36257,1185290,29,ONLINE/THETA-0.5
18083,1138156,30,ONLINE/THETA-0.5
39856,2435323,31,ONLINE/THETA-0.5
14265,221971,32,ONLINE/THETA-0.5
57493,1293308,33,ONLINE/THETA-0.5
17194,262878,34,ONLINE/THETA-0.5
24878,891410,35,ONLINE/THETA-0.5
25478,532818,36,ONLINE/THETA-0.5
7387,211050,37,ONLINE/THETA-0.5
22840,1117527,38,ONLINE/THETA-0.5
26613,496931,39a,ONLINE/THETA-0.5
25436,486534,39b,ONLINE/THETA-0.5
18644,536297,40,ONLINE/THETA-0.5
1955,1548,41,ONLINE/THETA-0.5
17051,490798,42,ONLINE/THETA-0.5
12733,216992,43,ONLINE/THETA-0.5
13920,231973,44,ONLINE/THETA-0.5
16244,602411,45,ONLINE/THETA-0.5
33537,262626,46,ONLINE/THETA-0.5
41963,1354254,47,ONLINE/THETA-0.5
18124,382105,48,ONLINE/THETA-0.5
28752,1789576,49,ONLINE/THETA-0.5
41041,2613456,77,ONLINE/THETA-0.5
59923,4638339,78,ONLINE/THETA-0.5
33542,769733,79,ONLINE/THETA-0.5
37185,2380284,80,ONLINE/THETA-0.5
16723,816435,81,ONLINE/THETA-0.5
10647,306299,82,ONLINE/THETA-0.5
17489,1183719,83,ONLINE/THETA-0.5
8094,206963,84,ONLINE/THETA-0.5
13038,483267,85,ONLINE/THETA-0.5
8162,244584,86,ONLINE/THETA-0.5
19334,928119,87,ONLINE/THETA-0.5
19887,462708,89,ONLINE/THETA-0.5
14280,275526,91,ONLINE/THETA-0.5
9704,418771,92,ONLINE/THETA-0.5
26653,676559,93,ONLINE/THETA-0.5
15769,768723,94,ONLINE/THETA-0.5
13513,136188,96,ONLINE/THETA-0.5
17603,656254,97,ONLINE/THETA-0.5
23262,675569,98,ONLINE/THETA-0.5
25556,239244,99,ONLINE/THETA-0.5
72063,3960605,88,ONLINE/THETA-0.5
13365,397208,90,ONLINE/THETA-0.5
15173,743839,01,ONLINE/THETA-0.5
14993,430395,02,ONLINE/THETA-0.5
14230,204420,63,ONLINE/THETA-0.5
51462,1514175,64,ONLINE/THETA-0.5
28413,1435794,65,ONLINE/THETA-0.5
27722,539699,66,ONLINE/THETA-0.5
56746,2188199,67,ONLINE/THETA-0.5
16211,368911,03,ONLINE/THETA-0.5
79493,7477844,04,ONLINE/THETA-0.5
55947,1967735,05,ONLINE/THETA-0.5
21491,663357,06,ONLINE/THETA-0.5
37299,925661,07,ONLINE/THETA-0.5
25607,302160,08,ONLINE/THETA-0.5
27381,2448875,09,ONLINE/THETA-0.5
49003,761008,10,ONLINE/THETA-0.5
52373,3937342,11,ONLINE/THETA-0.5
12879,407870,12,ONLINE/THETA-0.5
19992,289367,13,ONLINE/THETA-0.5
105679,5496782,14a,ONLINE/THETA-0.5
41367,2485914,31,ONLINE/THETA-0.5
40807,219350,32,ONLINE/THETA-0.5
26578,1204580,33,ONLINE/THETA-0.5
15040,224483,34,ONLINE/THETA-0.5
24229,870790,35,ONLINE/THETA-0.5
29472,721680,36,ONLINE/THETA-0.5
7303,230844,37,ONLINE/THETA-0.5
20913,1059710,38,ONLINE/THETA-0.5
36473,502786,39a,ONLINE/THETA-0.5
26747,507237,39b,ONLINE/THETA-0.5
19027,736407,40,ONLINE/THETA-0.5
1763,1028,41,ONLINE/THETA-0.5
13738,300081,42,ONLINE/THETA-0.5
13115,217581,43,ONLINE/THETA-0.5
14584,235341,44,ONLINE/THETA-0.5
16083,618824,45,ONLINE/THETA-0.5
18084,284213,46,ONLINE/THETA-0.5
44132,1373941,47,ONLINE/THETA-0.5
20415,442721,48,ONLINE/THETA-0.5
24130,1883588,49,ONLINE/THETA-0.5
55885,1680938,50,ONLINE/THETA-0.5
33435,1335804,51,ONLINE/THETA-0.5
17988,437840,52,ONLINE/THETA-0.5
18046,296078,53,ONLINE/THETA-0.5
33289,909089,54,ONLINE/THETA-0.5
14619,329408,55,ONLINE/THETA-0.5
21674,821768,56,ONLINE/THETA-0.5
34486,899959,57,ONLINE/THETA-0.5
27227,1824445,58,ONLINE/THETA-0.5
17456,465079,59,ONLINE/THETA-0.5
25871,1128816,60,ONLINE/THETA-0.5
25985,716168,61,ONLINE/THETA-0.5
21595,232123,62,ONLINE/THETA-0.5
17654,244180,68,ONLINE/THETA-0.5
20931,824571,69,ONLINE/THETA-0.5
59642,1214474,70,ONLINE/THETA-0.5
22542,885805,71,ONLINE/THETA-0.5
13503,176311,73,ONLINE/THETA-0.5
40187,2320769,74,ONLINE/THETA-0.5
48382,3798106,75,ONLINE/THETA-0.5
14014,583506,76,ONLINE/THETA-0.5
39933,2425143,77,ONLINE/THETA-0.5
60719,4445649,78,ONLINE/THETA-0.5
53085,648462,79,ONLINE/THETA-0.5
37963,2052629,80,ONLINE/THETA-0.5
16701,830859,81,ONLINE/THETA-0.5
10467,301797,82,ONLINE/THETA-0.5
14450,903930,83,ONLINE/THETA-0.5
7104,164914,84,ONLINE/THETA-0.5
16070,491050,85,ONLINE/THETA-0.5
7815,223186,86,ONLINE/THETA-0.5
19224,902924,87,ONLINE/THETA-0.5
24134,452829,89,ONLINE/THETA-0.5
13286,250381,91,ONLINE/THETA-0.5
9897,405098,92,ONLINE/THETA-0.5
26872,698571,93,ONLINE/THETA-0.5
15034,748520,94,ONLINE/THETA-0.5
12715,132018,96,ONLINE/THETA-0.5
16925,637619,97,ONLINE/THETA-0.5
25911,872386,98,ONLINE/THETA-0.5
25019,229162,99,ONLINE/THETA-0.5
123191,5894753,14b,ONLINE/THETA-0.5
16948,503251,15,ONLINE/THETA-0.5
20740,696147,16,ONLINE/THETA-0.5
38703,1263406,17,ONLINE/THETA-0.5
26829,637621,18,ONLINE/THETA-0.5
21412,445095,19,ONLINE/THETA-0.5
15823,430933,20,ONLINE/THETA-0.5
8408,115307,21,ONLINE/THETA-0.5
9117,227097,22,ONLINE/THETA-0.5
74245,4305122,23a,ONLINE/THETA-0.5
90534,5022438,23b,ONLINE/THETA-0.5
58604,1406278,24a,ONLINE/THETA-0.5
43107,1031754,24b,ONLINE/THETA-0.5
38941,1473889,25,ONLINE/THETA-0.5
26140,621949,26,ONLINE/THETA-0.5
22501,403096,27,ONLINE/THETA-0.5
25063,1335331,28,ONLINE/THETA-0.5
35816,1272658,29,ONLINE/THETA-0.5
15241,696666,30,ONLINE/THETA-0.5
55430,1616672,50,OFFLINE/THETA-0.0
29629,1740892,51,OFFLINE/THETA-0.0
11966,411646,52,OFFLINE/THETA-0.0
15008,539760,53,OFFLINE/THETA-0.0
29655,1233060,54,OFFLINE/THETA-0.0
10261,347402,55,OFFLINE/THETA-0.0
39369,964604,56,OFFLINE/THETA-0.0
30754,799454,57,OFFLINE/THETA-0.0
29350,2034390,58,OFFLINE/THETA-0.0
16729,610915,59,OFFLINE/THETA-0.0
21206,1097366,60,OFFLINE/THETA-0.0
27360,1679896,61,OFFLINE/THETA-0.0
20044,239681,62,OFFLINE/THETA-0.0
15045,694105,68,OFFLINE/THETA-0.0
18496,920685,69,OFFLINE/THETA-0.0
29138,1490598,70,OFFLINE/THETA-0.0
18800,1232115,71,OFFLINE/THETA-0.0
11528,586452,73,OFFLINE/THETA-0.0
55194,2493572,74,OFFLINE/THETA-0.0
46996,3441011,75,OFFLINE/THETA-0.0
13973,617990,76,OFFLINE/THETA-0.0
70560,5381359,88,OFFLINE/THETA-0.0
12018,341501,90,OFFLINE/THETA-0.0
13062,473022,01,OFFLINE/THETA-0.0
144087,6777632,02,OFFLINE/THETA-0.0
17399,612154,63,OFFLINE/THETA-0.0
52902,1443539,64,OFFLINE/THETA-0.0
30571,1709360,65,OFFLINE/THETA-0.0
29004,745991,66,OFFLINE/THETA-0.0
47086,2043475,67,OFFLINE/THETA-0.0
11018,429420,03,OFFLINE/THETA-0.0
77701,4914237,04,OFFLINE/THETA-0.0
29504,2717415,05,OFFLINE/THETA-0.0
17371,647665,06,OFFLINE/THETA-0.0
18890,1061470,07,OFFLINE/THETA-0.0
10601,413716,08,OFFLINE/THETA-0.0
27446,2347851,09,OFFLINE/THETA-0.0
16879,878399,10,OFFLINE/THETA-0.0
41939,3329788,11,OFFLINE/THETA-0.0
13442,257079,12,OFFLINE/THETA-0.0
14244,658848,13,OFFLINE/THETA-0.0
100693,5526827,14a,OFFLINE/THETA-0.0
139177,7795209,14b,OFFLINE/THETA-0.0
16323,509658,15,OFFLINE/THETA-0.0
50515,681478,16,OFFLINE/THETA-0.0
30097,1495611,17,OFFLINE/THETA-0.0
23468,659470,18,OFFLINE/THETA-0.0
17373,546240,19,OFFLINE/THETA-0.0
15680,561400,20,OFFLINE/THETA-0.0
8558,107227,21,OFFLINE/THETA-0.0
9134,227233,22,OFFLINE/THETA-0.0
66028,4708425,23a,OFFLINE/THETA-0.0
72010,5076629,23b,OFFLINE/THETA-0.0
27618,1044635,24a,OFFLINE/THETA-0.0
23931,878028,24b,OFFLINE/THETA-0.0
27532,1469591,25,OFFLINE/THETA-0.0
16434,527510,26,OFFLINE/THETA-0.0
15851,731352,27,OFFLINE/THETA-0.0
33303,1771933,28,OFFLINE/THETA-0.0
26947,1270305,29,OFFLINE/THETA-0.0
16180,373339,30,OFFLINE/THETA-0.0
66316,2732883,31,OFFLINE/THETA-0.0
15459,483605,32,OFFLINE/THETA-0.0
25535,1583608,33,OFFLINE/THETA-0.0
15432,726019,34,OFFLINE/THETA-0.0
22278,1044949,35,OFFLINE/THETA-0.0
27289,827988,36,OFFLINE/THETA-0.0
9830,249516,37,OFFLINE/THETA-0.0
21637,1441118,38,OFFLINE/THETA-0.0
31435,544321,39a,OFFLINE/THETA-0.0
27341,508214,39b,OFFLINE/THETA-0.0
17056,438694,40,OFFLINE/THETA-0.0
1739,1163,41,OFFLINE/THETA-0.0
9490,353924,42,OFFLINE/THETA-0.0
10928,472330,43,OFFLINE/THETA-0.0
16139,779167,44,OFFLINE/THETA-0.0
16979,445493,45,OFFLINE/THETA-0.0
15467,717495,46,OFFLINE/THETA-0.0
40127,1502748,47,OFFLINE/THETA-0.0
14446,497388,48,OFFLINE/THETA-0.0
25983,1810375,49,OFFLINE/THETA-0.0
45025,2184348,77,OFFLINE/THETA-0.0
81785,4206659,78,OFFLINE/THETA-0.0
23385,1228949,79,OFFLINE/THETA-0.0
37909,2424147,80,OFFLINE/THETA-0.0
17673,407090,81,OFFLINE/THETA-0.0
9576,381950,82,OFFLINE/THETA-0.0
13625,507092,83,OFFLINE/THETA-0.0
10000,119491,84,OFFLINE/THETA-0.0
15589,179753,85,OFFLINE/THETA-0.0
10515,140450,86,OFFLINE/THETA-0.0
19774,1019438,87,OFFLINE/THETA-0.0
22592,987879,89,OFFLINE/THETA-0.0
14214,129970,91,OFFLINE/THETA-0.0
9419,393512,92,OFFLINE/THETA-0.0
21875,1082571,93,OFFLINE/THETA-0.0
22391,814331,94,OFFLINE/THETA-0.0
12603,766646,96,OFFLINE/THETA-0.0
14475,928770,97,OFFLINE/THETA-0.0
19287,725926,98,OFFLINE/THETA-0.0
25199,307580,99,OFFLINE/THETA-0.0
41818,2309268,77,OFFLINE/THETA-0.0
72466,3768720,78,OFFLINE/THETA-0.0
21233,1065131,79,OFFLINE/THETA-0.0
36748,2429237,80,OFFLINE/THETA-0.0
15234,343436,81,OFFLINE/THETA-0.0
8564,381559,82,OFFLINE/THETA-0.0
14469,363497,83,OFFLINE/THETA-0.0
8246,160930,84,OFFLINE/THETA-0.0
14198,239514,85,OFFLINE/THETA-0.0
7904,153367,86,OFFLINE/THETA-0.0
21347,934599,87,OFFLINE/THETA-0.0
27093,1427581,89,OFFLINE/THETA-0.0
13178,127387,91,OFFLINE/THETA-0.0
8791,380446,92,OFFLINE/THETA-0.0
19965,1019736,93,OFFLINE/THETA-0.0
17681,684715,94,OFFLINE/THETA-0.0
13454,833452,96,OFFLINE/THETA-0.0
14035,943681,97,OFFLINE/THETA-0.0
18031,728017,98,OFFLINE/THETA-0.0
25031,293788,99,OFFLINE/THETA-0.0
55594,1699652,50,OFFLINE/THETA-0.0
28257,1647323,51,OFFLINE/THETA-0.0
12612,511661,52,OFFLINE/THETA-0.0
14091,568208,53,OFFLINE/THETA-0.0
51348,1168551,54,OFFLINE/THETA-0.0
15533,571116,55,OFFLINE/THETA-0.0
20153,1064738,56,OFFLINE/THETA-0.0
33382,995059,57,OFFLINE/THETA-0.0
26695,1991405,58,OFFLINE/THETA-0.0
13188,593902,59,OFFLINE/THETA-0.0
21767,1478799,60,OFFLINE/THETA-0.0
25722,1753058,61,OFFLINE/THETA-0.0
19428,232284,62,OFFLINE/THETA-0.0
14076,662888,68,OFFLINE/THETA-0.0
20914,1176713,69,OFFLINE/THETA-0.0
26168,1481872,70,OFFLINE/THETA-0.0
19619,1217292,71,OFFLINE/THETA-0.0
11496,579595,73,OFFLINE/THETA-0.0
62869,1743586,74,OFFLINE/THETA-0.0
44675,2897685,75,OFFLINE/THETA-0.0
12842,661181,76,OFFLINE/THETA-0.0
78033,5314360,88,OFFLINE/THETA-0.0
43662,559281,90,OFFLINE/THETA-0.0
15522,514226,01,OFFLINE/THETA-0.0
15496,953753,02,OFFLINE/THETA-0.0
15155,587089,63,OFFLINE/THETA-0.0
52103,1673581,64,OFFLINE/THETA-0.0
26127,1960400,65,OFFLINE/THETA-0.0
27893,749110,66,OFFLINE/THETA-0.0
52212,2383762,67,OFFLINE/THETA-0.0
15854,586872,03,OFFLINE/THETA-0.0
119969,5144703,04,OFFLINE/THETA-0.0
28002,2441125,05,OFFLINE/THETA-0.0
19976,832632,06,OFFLINE/THETA-0.0
21957,1256379,07,OFFLINE/THETA-0.0
11014,412670,08,OFFLINE/THETA-0.0
26423,2172827,09,OFFLINE/THETA-0.0
19969,1111710,10,OFFLINE/THETA-0.0
93562,2593134,11,OFFLINE/THETA-0.0
14498,292952,12,OFFLINE/THETA-0.0
14793,698418,13,OFFLINE/THETA-0.0
106975,5710460,14a,OFFLINE/THETA-0.0
45402,2339538,31,OFFLINE/THETA-0.0
46569,531437,32,OFFLINE/THETA-0.0
20115,1316222,33,OFFLINE/THETA-0.0
15479,677336,34,OFFLINE/THETA-0.0
21266,1168712,35,OFFLINE/THETA-0.0
22591,995430,36,OFFLINE/THETA-0.0
29376,274728,37,OFFLINE/THETA-0.0
21836,1104887,38,OFFLINE/THETA-0.0
26331,485828,39a,OFFLINE/THETA-0.0
26807,475640,39b,OFFLINE/THETA-0.0
16941,418088,40,OFFLINE/THETA-0.0
38166,1339,41,OFFLINE/THETA-0.0
12834,529186,42,OFFLINE/THETA-0.0
10570,514889,43,OFFLINE/THETA-0.0
16538,753311,44,OFFLINE/THETA-0.0
17454,495588,45,OFFLINE/THETA-0.0
17717,770824,46,OFFLINE/THETA-0.0
39974,1650673,47,OFFLINE/THETA-0.0
15400,519083,48,OFFLINE/THETA-0.0
23772,1537936,49,OFFLINE/THETA-0.0
136900,7844580,14b,OFFLINE/THETA-0.0
16809,562869,15,OFFLINE/THETA-0.0
49010,667614,16,OFFLINE/THETA-0.0
33767,1627203,17,OFFLINE/THETA-0.0
24854,675511,18,OFFLINE/THETA-0.0
15190,606983,19,OFFLINE/THETA-0.0
14951,483028,20,OFFLINE/THETA-0.0
20750,101317,21,OFFLINE/THETA-0.0
8973,214680,22,OFFLINE/THETA-0.0
70801,5143330,23a,OFFLINE/THETA-0.0
78739,5536135,23b,OFFLINE/THETA-0.0
30454,1013062,24a,OFFLINE/THETA-0.0
78431,966568,24b,OFFLINE/THETA-0.0
29767,1493584,25,OFFLINE/THETA-0.0
18058,598068,26,OFFLINE/THETA-0.0
15098,724512,27,OFFLINE/THETA-0.0
32080,1787619,28,OFFLINE/THETA-0.0
39266,1690594,29,OFFLINE/THETA-0.0
14653,421590,30,OFFLINE/THETA-0.0
36721,1490930,69,OFFLINE/THETA-0.0
36951,1986303,70,OFFLINE/THETA-0.0
23049,1386482,71,OFFLINE/THETA-0.0
17493,721266,73,OFFLINE/THETA-0.0
57452,2272096,74,OFFLINE/THETA-0.0
70760,3292913,75,OFFLINE/THETA-0.0
15449,561848,76,OFFLINE/THETA-0.0
24878,1306950,77,OFFLINE/THETA-0.0
48568,4303804,78,OFFLINE/THETA-0.0
19309,1070164,79,OFFLINE/THETA-0.0
34686,1854606,80,OFFLINE/THETA-0.0
14851,348952,81,OFFLINE/THETA-0.0
9219,396555,82,OFFLINE/THETA-0.0
13637,419426,83,OFFLINE/THETA-0.0
7382,140237,84,OFFLINE/THETA-0.0
15732,195467,85,OFFLINE/THETA-0.0
9760,125568,86,OFFLINE/THETA-0.0
18700,826072,87,OFFLINE/THETA-0.0
14923,482876,89,OFFLINE/THETA-0.0
12534,121415,91,OFFLINE/THETA-0.0
13543,360248,92,OFFLINE/THETA-0.0
18736,897445,93,OFFLINE/THETA-0.0
17404,673770,94,OFFLINE/THETA-0.0
12251,726907,96,OFFLINE/THETA-0.0
24415,581269,97,OFFLINE/THETA-0.0
23278,1016937,98,OFFLINE/THETA-0.0
24500,311189,99,OFFLINE/THETA-0.0
142557,7266383,14b,OFFLINE/THETA-0.0
19664,689735,15,OFFLINE/THETA-0.0
17930,638041,16,OFFLINE/THETA-0.0
33277,1631567,17,OFFLINE/THETA-0.0
24304,683091,18,OFFLINE/THETA-0.0
15621,492079,19,OFFLINE/THETA-0.0
16272,521412,20,OFFLINE/THETA-0.0
8919,113071,21,OFFLINE/THETA-0.0
9802,220722,22,OFFLINE/THETA-0.0
72299,4851541,23a,OFFLINE/THETA-0.0
75981,5590031,23b,OFFLINE/THETA-0.0
28941,956932,24a,OFFLINE/THETA-0.0
25511,929601,24b,OFFLINE/THETA-0.0
27961,1315061,25,OFFLINE/THETA-0.0
18757,645641,26,OFFLINE/THETA-0.0
16510,848061,27,OFFLINE/THETA-0.0
20107,1642303,28,OFFLINE/THETA-0.0
24580,1280383,29,OFFLINE/THETA-0.0
13671,401889,30,OFFLINE/THETA-0.0
18538,667411,31,OFFLINE/THETA-0.0
10794,433570,32,OFFLINE/THETA-0.0
38149,762449,33,OFFLINE/THETA-0.0
18365,699340,34,OFFLINE/THETA-0.0
21405,913732,35,OFFLINE/THETA-0.0
15385,753287,36,OFFLINE/THETA-0.0
6786,218731,37,OFFLINE/THETA-0.0
24804,726333,38,OFFLINE/THETA-0.0
24726,481070,39a,OFFLINE/THETA-0.0
27126,457660,39b,OFFLINE/THETA-0.0
16255,382581,40,OFFLINE/THETA-0.0
69327,4916404,88,OFFLINE/THETA-0.0
13184,439416,90,OFFLINE/THETA-0.0
13787,513060,01,OFFLINE/THETA-0.0
18514,1353206,02,OFFLINE/THETA-0.0
13667,613066,63,OFFLINE/THETA-0.0
50045,1392563,64,OFFLINE/THETA-0.0
23115,1830954,65,OFFLINE/THETA-0.0
28407,643948,66,OFFLINE/THETA-0.0
47200,2058000,67,OFFLINE/THETA-0.0
11511,407594,03,OFFLINE/THETA-0.0
107813,4395030,04,OFFLINE/THETA-0.0
30052,2558881,05,OFFLINE/THETA-0.0
18574,736658,06,OFFLINE/THETA-0.0
23326,1231252,07,OFFLINE/THETA-0.0
14849,455468,08,OFFLINE/THETA-0.0
25568,2047536,09,OFFLINE/THETA-0.0
19867,779261,10,OFFLINE/THETA-0.0
79050,2909596,11,OFFLINE/THETA-0.0
14251,280552,12,OFFLINE/THETA-0.0
13104,572301,13,OFFLINE/THETA-0.0
108715,5433556,14a,OFFLINE/THETA-0.0
17286,76536,41,OFFLINE/THETA-0.0
19790,863630,42,OFFLINE/THETA-0.0
16369,630335,43,OFFLINE/THETA-0.0
21623,995716,44,OFFLINE/THETA-0.0
17798,601270,45,OFFLINE/THETA-0.0
26119,935446,46,OFFLINE/THETA-0.0
42807,1723168,47,OFFLINE/THETA-0.0
20622,737910,48,OFFLINE/THETA-0.0
25741,2002137,49,OFFLINE/THETA-0.0
25338,948595,50,OFFLINE/THETA-0.0
24605,500530,51,OFFLINE/THETA-0.0
13471,509708,52,OFFLINE/THETA-0.0
12437,492257,53,OFFLINE/THETA-0.0
23211,975183,54,OFFLINE/THETA-0.0
10215,338682,55,OFFLINE/THETA-0.0
20509,842982,56,OFFLINE/THETA-0.0
26991,714411,57,OFFLINE/THETA-0.0
39701,1314335,58,OFFLINE/THETA-0.0
17533,797630,59,OFFLINE/THETA-0.0
21079,1073064,60,OFFLINE/THETA-0.0
50024,1642310,61,OFFLINE/THETA-0.0
20449,353296,62,OFFLINE/THETA-0.0
14009,655993,68,OFFLINE/THETA-0.0
172232,7408685,14b,OFFLINE/THETA-0.0
18762,646084,15,OFFLINE/THETA-0.0
48462,661492,16,OFFLINE/THETA-0.0
36960,1879053,17,OFFLINE/THETA-0.0
24128,690776,18,OFFLINE/THETA-0.0
16133,621272,19,OFFLINE/THETA-0.0
49594,524168,20,OFFLINE/THETA-0.0
10052,145044,21,OFFLINE/THETA-0.0
8773,225546,22,OFFLINE/THETA-0.0
85188,4821781,23a,OFFLINE/THETA-0.0
72359,5131944,23b,OFFLINE/THETA-0.0
24791,921438,24a,OFFLINE/THETA-0.0
61299,884408,24b,OFFLINE/THETA-0.0
63031,1944144,25,OFFLINE/THETA-0.0
18172,593080,26,OFFLINE/THETA-0.0
17598,814015,27,OFFLINE/THETA-0.0
22060,1867757,28,OFFLINE/THETA-0.0
27087,1226348,29,OFFLINE/THETA-0.0
14673,466490,30,OFFLINE/THETA-0.0
24425,1801578,31,OFFLINE/THETA-0.0
10948,457462,32,OFFLINE/THETA-0.0
18314,822355,33,OFFLINE/THETA-0.0
14338,681526,34,OFFLINE/THETA-0.0
19556,1027821,35,OFFLINE/THETA-0.0
16861,826993,36,OFFLINE/THETA-0.0
6625,229814,37,OFFLINE/THETA-0.0
17778,865037,38,OFFLINE/THETA-0.0
25287,475167,39a,OFFLINE/THETA-0.0
33290,476833,39b,OFFLINE/THETA-0.0
16166,398283,40,OFFLINE/THETA-0.0
16299,78939,41,OFFLINE/THETA-0.0
19005,639457,42,OFFLINE/THETA-0.0
19255,627432,43,OFFLINE/THETA-0.0
20251,906789,44,OFFLINE/THETA-0.0
19680,800911,45,OFFLINE/THETA-0.0
22815,848765,46,OFFLINE/THETA-0.0
42471,1788979,47,OFFLINE/THETA-0.0
16613,717166,48,OFFLINE/THETA-0.0
37465,1568147,49,OFFLINE/THETA-0.0
34087,1582271,50,OFFLINE/THETA-0.0
21634,1465374,51,OFFLINE/THETA-0.0
9603,334744,52,OFFLINE/THETA-0.0
28049,571678,53,OFFLINE/THETA-0.0
27777,1232535,54,OFFLINE/THETA-0.0
9030,403636,55,OFFLINE/THETA-0.0
18071,1174363,56,OFFLINE/THETA-0.0
30237,861251,57,OFFLINE/THETA-0.0
25637,1826745,58,OFFLINE/THETA-0.0
22002,532856,59,OFFLINE/THETA-0.0
20690,1433651,60,OFFLINE/THETA-0.0
25207,1742212,61,OFFLINE/THETA-0.0
18397,264395,62,OFFLINE/THETA-0.0
14206,665100,68,OFFLINE/THETA-0.0
40948,1456404,69,OFFLINE/THETA-0.0
34791,2009609,70,OFFLINE/THETA-0.0
25418,1730211,71,OFFLINE/THETA-0.0
13967,620993,73,OFFLINE/THETA-0.0
47218,2807323,74,OFFLINE/THETA-0.0
43987,3266974,75,OFFLINE/THETA-0.0
14786,590562,76,OFFLINE/THETA-0.0
33977,1719727,77,OFFLINE/THETA-0.0
54925,4802228,78,OFFLINE/THETA-0.0
18630,1005444,79,OFFLINE/THETA-0.0
33761,2282966,80,OFFLINE/THETA-0.0
13580,290811,81,OFFLINE/THETA-0.0
8510,358948,82,OFFLINE/THETA-0.0
13443,461780,83,OFFLINE/THETA-0.0
6918,127574,84,OFFLINE/THETA-0.0
13499,230361,85,OFFLINE/THETA-0.0
8001,147155,86,OFFLINE/THETA-0.0
22083,754275,87,OFFLINE/THETA-0.0
15081,479583,89,OFFLINE/THETA-0.0
12792,154529,91,OFFLINE/THETA-0.0
11482,394930,92,OFFLINE/THETA-0.0
22026,1076054,93,OFFLINE/THETA-0.0
46965,642581,94,OFFLINE/THETA-0.0
14582,788484,96,OFFLINE/THETA-0.0
13508,859961,97,OFFLINE/THETA-0.0
18153,750687,98,OFFLINE/THETA-0.0
23989,295323,99,OFFLINE/THETA-0.0
86255,5117771,88,OFFLINE/THETA-0.0
13389,394431,90,OFFLINE/THETA-0.0
12979,445767,01,OFFLINE/THETA-0.0
12834,698697,02,OFFLINE/THETA-0.0
14137,525155,63,OFFLINE/THETA-0.0
54407,1653682,64,OFFLINE/THETA-0.0
23632,1671459,65,OFFLINE/THETA-0.0
28271,699236,66,OFFLINE/THETA-0.0
45372,2052791,67,OFFLINE/THETA-0.0
11228,415668,03,OFFLINE/THETA-0.0
77460,5258176,04,OFFLINE/THETA-0.0
31016,2554584,05,OFFLINE/THETA-0.0
15386,785049,06,OFFLINE/THETA-0.0
18864,1061519,07,OFFLINE/THETA-0.0
10618,400505,08,OFFLINE/THETA-0.0
26160,2051507,09,OFFLINE/THETA-0.0
21241,1136361,10,OFFLINE/THETA-0.0
55423,2654805,11,OFFLINE/THETA-0.0
13150,277252,12,OFFLINE/THETA-0.0
14636,625869,13,OFFLINE/THETA-0.0
106507,5398547,14a,OFFLINE/THETA-0.0
17698,112625,41,OFFLINE/THETA-0.0
20465,681963,42,OFFLINE/THETA-0.0
18560,643154,43,OFFLINE/THETA-0.0
20532,881482,44,OFFLINE/THETA-0.0
18286,589813,45,OFFLINE/THETA-0.0
27468,1102384,46,OFFLINE/THETA-0.0
40136,1665890,47,OFFLINE/THETA-0.0
16149,691032,48,OFFLINE/THETA-0.0
28582,2312596,49,OFFLINE/THETA-0.0
24596,1225176,50,OFFLINE/THETA-0.0
17683,1024337,51,OFFLINE/THETA-0.0
9790,340847,52,OFFLINE/THETA-0.0
11480,449002,53,OFFLINE/THETA-0.0
25186,1230972,54,OFFLINE/THETA-0.0
9822,331589,55,OFFLINE/THETA-0.0
18025,1000705,56,OFFLINE/THETA-0.0
31507,763222,57,OFFLINE/THETA-0.0
25817,1988949,58,OFFLINE/THETA-0.0
15974,662531,59,OFFLINE/THETA-0.0
22557,1391860,60,OFFLINE/THETA-0.0
27184,1842203,61,OFFLINE/THETA-0.0
18876,281272,62,OFFLINE/THETA-0.0
14036,634854,68,OFFLINE/THETA-0.0
123067,6436116,14b,OFFLINE/THETA-0.0
51259,538222,15,OFFLINE/THETA-0.0
20507,744925,16,OFFLINE/THETA-0.0
32674,1564507,17,OFFLINE/THETA-0.0
26669,794377,18,OFFLINE/THETA-0.0
15285,608621,19,OFFLINE/THETA-0.0
17725,534873,20,OFFLINE/THETA-0.0
9110,104111,21,OFFLINE/THETA-0.0
9252,212324,22,OFFLINE/THETA-0.0
65601,4580316,23a,OFFLINE/THETA-0.0
87054,4786199,23b,OFFLINE/THETA-0.0
37035,1328119,24a,OFFLINE/THETA-0.0
29093,1030421,24b,OFFLINE/THETA-0.0
26099,1460027,25,OFFLINE/THETA-0.0
20494,718643,26,OFFLINE/THETA-0.0
16322,783888,27,OFFLINE/THETA-0.0
23899,2258322,28,OFFLINE/THETA-0.0
25018,1250453,29,OFFLINE/THETA-0.0
13187,392099,30,OFFLINE/THETA-0.0
21614,1572447,31,OFFLINE/THETA-0.0
10367,456014,32,OFFLINE/THETA-0.0
19123,1129465,33,OFFLINE/THETA-0.0
12175,629280,34,OFFLINE/THETA-0.0
19653,1144187,35,OFFLINE/THETA-0.0
52951,923574,36,OFFLINE/THETA-0.0
6915,259483,37,OFFLINE/THETA-0.0
20593,1094239,38,OFFLINE/THETA-0.0
35573,538054,39a,OFFLINE/THETA-0.0
25661,464884,39b,OFFLINE/THETA-0.0
16873,416995,40,OFFLINE/THETA-0.0
36368,1363870,69,OFFLINE/THETA-0.0
37893,1959218,70,OFFLINE/THETA-0.0
23107,1459297,71,OFFLINE/THETA-0.0
14239,634604,73,OFFLINE/THETA-0.0
35829,2751885,74,OFFLINE/THETA-0.0
164414,9541622,75,OFFLINE/THETA-0.0
15051,885761,76,OFFLINE/THETA-0.0
24116,1412321,77,OFFLINE/THETA-0.0
73677,3143784,78,OFFLINE/THETA-0.0
18943,1049411,79,OFFLINE/THETA-0.0
32005,2072026,80,OFFLINE/THETA-0.0
13181,298920,81,OFFLINE/THETA-0.0
8911,344302,82,OFFLINE/THETA-0.0
12047,459355,83,OFFLINE/THETA-0.0
7128,122697,84,OFFLINE/THETA-0.0
18392,198475,85,OFFLINE/THETA-0.0
9794,129904,86,OFFLINE/THETA-0.0
16386,873628,87,OFFLINE/THETA-0.0
14899,498958,89,OFFLINE/THETA-0.0
11655,125468,91,OFFLINE/THETA-0.0
8966,385694,92,OFFLINE/THETA-0.0
21640,1087485,93,OFFLINE/THETA-0.0
17102,644283,94,OFFLINE/THETA-0.0
13032,814546,96,OFFLINE/THETA-0.0
14955,893405,97,OFFLINE/THETA-0.0
18023,741079,98,OFFLINE/THETA-0.0
24966,314166,99,OFFLINE/THETA-0.0
71291,5104204,88,OFFLINE/THETA-0.0
14788,369858,90,OFFLINE/THETA-0.0
13412,480395,01,OFFLINE/THETA-0.0
11741,659230,02,OFFLINE/THETA-0.0
12167,506012,63,OFFLINE/THETA-0.0
67289,1564299,64,OFFLINE/THETA-0.0
28277,2087627,65,OFFLINE/THETA-0.0
50722,715649,66,OFFLINE/THETA-0.0
59962,2271057,67,OFFLINE/THETA-0.0
11940,450356,03,OFFLINE/THETA-0.0
90051,6339141,04,OFFLINE/THETA-0.0
28031,2525588,05,OFFLINE/THETA-0.0
17731,765273,06,OFFLINE/THETA-0.0
28031,1340326,07,OFFLINE/THETA-0.0
16233,1112789,08,OFFLINE/THETA-0.0
30816,2865277,09,OFFLINE/THETA-0.0
19634,1250906,10,OFFLINE/THETA-0.0
43147,3567129,11,OFFLINE/THETA-0.0
17410,467722,12,OFFLINE/THETA-0.0
12943,616596,13,OFFLINE/THETA-0.0
110607,5757937,14a,OFFLINE/THETA-0.0
50042,2123005,77,OFFLINE/THETA-0.25
58428,3836970,78,OFFLINE/THETA-0.25
20495,1080483,79,OFFLINE/THETA-0.25
36407,1565868,80,OFFLINE/THETA-0.25
20799,286298,81,OFFLINE/THETA-0.25
10570,293428,82,OFFLINE/THETA-0.25
14162,397659,83,OFFLINE/THETA-0.25
7458,118108,84,OFFLINE/THETA-0.25
16467,191934,85,OFFLINE/THETA-0.25
13465,159700,86,OFFLINE/THETA-0.25
32451,773235,87,OFFLINE/THETA-0.25
20402,450983,89,OFFLINE/THETA-0.25
12515,130944,91,OFFLINE/THETA-0.25
14185,364581,92,OFFLINE/THETA-0.25
24841,666962,93,OFFLINE/THETA-0.25
19235,512411,94,OFFLINE/THETA-0.25
12005,731776,96,OFFLINE/THETA-0.25
16894,729940,97,OFFLINE/THETA-0.25
29243,991377,98,OFFLINE/THETA-0.25
25967,248329,99,OFFLINE/THETA-0.25
77932,5241499,88,OFFLINE/THETA-0.25
15225,541535,90,OFFLINE/THETA-0.25
14080,355174,01,OFFLINE/THETA-0.25
21518,1396116,02,OFFLINE/THETA-0.25
13801,485691,63,OFFLINE/THETA-0.25
52096,1248793,64,OFFLINE/THETA-0.25
27929,1360784,65,OFFLINE/THETA-0.25
30206,597985,66,OFFLINE/THETA-0.25
51477,1957141,67,OFFLINE/THETA-0.25
16119,447743,03,OFFLINE/THETA-0.25
84764,5022952,04,OFFLINE/THETA-0.25
30381,2439436,05,OFFLINE/THETA-0.25
22279,550938,06,OFFLINE/THETA-0.25
23508,1190937,07,OFFLINE/THETA-0.25
14196,324014,08,OFFLINE/THETA-0.25
27204,2542292,09,OFFLINE/THETA-0.25
18499,518062,10,OFFLINE/THETA-0.25
47442,3400163,11,OFFLINE/THETA-0.25
14881,243594,12,OFFLINE/THETA-0.25
14635,610589,13,OFFLINE/THETA-0.25
107732,4738804,14a,OFFLINE/THETA-0.25
49528,1810917,50,OFFLINE/THETA-0.25
28247,1030875,51,OFFLINE/THETA-0.25
16770,388687,52,OFFLINE/THETA-0.25
15000,543277,53,OFFLINE/THETA-0.25
31291,1136206,54,OFFLINE/THETA-0.25
22296,344965,55,OFFLINE/THETA-0.25
23417,737905,56,OFFLINE/THETA-0.25
39461,804143,57,OFFLINE/THETA-0.25
48615,1553950,58,OFFLINE/THETA-0.25
38357,584844,59,OFFLINE/THETA-0.25
37477,807292,60,OFFLINE/THETA-0.25
31005,1744295,61,OFFLINE/THETA-0.25
23743,312405,62,OFFLINE/THETA-0.25
16511,764677,68,OFFLINE/THETA-0.25
30275,552766,69,OFFLINE/THETA-0.25
30932,1040194,70,OFFLINE/THETA-0.25
41154,1156374,71,OFFLINE/THETA-0.25
11918,630778,73,OFFLINE/THETA-0.25
36442,2134018,74,OFFLINE/THETA-0.25
96667,2031747,75,OFFLINE/THETA-0.25
15470,356037,76,OFFLINE/THETA-0.25
42615,2320805,31,OFFLINE/THETA-0.25
17494,157178,32,OFFLINE/THETA-0.25
29047,641366,33,OFFLINE/THETA-0.25
15730,227129,34,OFFLINE/THETA-0.25
23815,721468,35,OFFLINE/THETA-0.25
26112,814070,36,OFFLINE/THETA-0.25
9903,242518,37,OFFLINE/THETA-0.25
38790,912413,38,OFFLINE/THETA-0.25
26633,471714,39a,OFFLINE/THETA-0.25
26182,472670,39b,OFFLINE/THETA-0.25
18989,244176,40,OFFLINE/THETA-0.25
2079,1323,41,OFFLINE/THETA-0.25
14968,318774,42,OFFLINE/THETA-0.25
11324,537492,43,OFFLINE/THETA-0.25
14827,637730,44,OFFLINE/THETA-0.25
19741,485604,45,OFFLINE/THETA-0.25
15628,731295,46,OFFLINE/THETA-0.25
39761,1211983,47,OFFLINE/THETA-0.25
19367,421916,48,OFFLINE/THETA-0.25
23800,1011491,49,OFFLINE/THETA-0.25
149849,6230607,14b,OFFLINE/THETA-0.25
15384,436144,15,OFFLINE/THETA-0.25
19677,438761,16,OFFLINE/THETA-0.25
36606,1062241,17,OFFLINE/THETA-0.25
28617,648657,18,OFFLINE/THETA-0.25
20455,427395,19,OFFLINE/THETA-0.25
18101,533848,20,OFFLINE/THETA-0.25
8156,99959,21,OFFLINE/THETA-0.25
11234,211844,22,OFFLINE/THETA-0.25
70221,3884412,23a,OFFLINE/THETA-0.25
84934,5330328,23b,OFFLINE/THETA-0.25
28000,923888,24a,OFFLINE/THETA-0.25
24876,842764,24b,OFFLINE/THETA-0.25
36639,1200322,25,OFFLINE/THETA-0.25
31512,378182,26,OFFLINE/THETA-0.25
15578,677739,27,OFFLINE/THETA-0.25
19440,1422034,28,OFFLINE/THETA-0.25
33752,1055847,29,OFFLINE/THETA-0.25
14846,340645,30,OFFLINE/THETA-0.25
49550,1521183,77,OFFLINE/THETA-0.25
94568,3501096,78,OFFLINE/THETA-0.25
22437,1143751,79,OFFLINE/THETA-0.25
35909,1966025,80,OFFLINE/THETA-0.25
15887,319065,81,OFFLINE/THETA-0.25
11307,331041,82,OFFLINE/THETA-0.25
14937,315800,83,OFFLINE/THETA-0.25
6823,114214,84,OFFLINE/THETA-0.25
16011,168555,85,OFFLINE/THETA-0.25
11088,128559,86,OFFLINE/THETA-0.25
34317,993584,87,OFFLINE/THETA-0.25
24278,616976,89,OFFLINE/THETA-0.25
13753,103325,91,OFFLINE/THETA-0.25
13432,377167,92,OFFLINE/THETA-0.25
28459,883205,93,OFFLINE/THETA-0.25
34870,501792,94,OFFLINE/THETA-0.25
13079,813977,96,OFFLINE/THETA-0.25
17203,728357,97,OFFLINE/THETA-0.25
23722,790777,98,OFFLINE/THETA-0.25
25679,232127,99,OFFLINE/THETA-0.25
45870,1965516,31,OFFLINE/THETA-0.25
18691,175745,32,OFFLINE/THETA-0.25
26843,1014694,33,OFFLINE/THETA-0.25
14850,724644,34,OFFLINE/THETA-0.25
23425,747504,35,OFFLINE/THETA-0.25
17792,763931,36,OFFLINE/THETA-0.25
7760,217507,37,OFFLINE/THETA-0.25
19696,937784,38,OFFLINE/THETA-0.25
26975,472445,39a,OFFLINE/THETA-0.25
26717,487920,39b,OFFLINE/THETA-0.25
21648,315888,40,OFFLINE/THETA-0.25
2540,1427,41,OFFLINE/THETA-0.25
16740,381257,42,OFFLINE/THETA-0.25
10423,498309,43,OFFLINE/THETA-0.25
17257,638313,44,OFFLINE/THETA-0.25
19859,467525,45,OFFLINE/THETA-0.25
16161,796634,46,OFFLINE/THETA-0.25
43138,1356444,47,OFFLINE/THETA-0.25
19102,408317,48,OFFLINE/THETA-0.25
55202,998818,49,OFFLINE/THETA-0.25
54627,1566836,50,OFFLINE/THETA-0.25
31942,1112687,51,OFFLINE/THETA-0.25
16612,366396,52,OFFLINE/THETA-0.25
17889,690712,53,OFFLINE/THETA-0.25
32554,1312179,54,OFFLINE/THETA-0.25
14879,382912,55,OFFLINE/THETA-0.25
27846,688923,56,OFFLINE/THETA-0.25
36210,970241,57,OFFLINE/THETA-0.25
50082,1272273,58,OFFLINE/THETA-0.25
18126,444620,59,OFFLINE/THETA-0.25
35763,964776,60,OFFLINE/THETA-0.25
28096,1722162,61,OFFLINE/THETA-0.25
23080,325674,62,OFFLINE/THETA-0.25
15552,666477,68,OFFLINE/THETA-0.25
20069,597077,69,OFFLINE/THETA-0.25
32079,1093630,70,OFFLINE/THETA-0.25
24702,1048062,71,OFFLINE/THETA-0.25
13848,551162,73,OFFLINE/THETA-0.25
33417,1955593,74,OFFLINE/THETA-0.25
56965,2569050,75,OFFLINE/THETA-0.25
14948,427489,76,OFFLINE/THETA-0.25
176338,6868940,14b,OFFLINE/THETA-0.25
17305,482745,15,OFFLINE/THETA-0.25
36200,376999,16,OFFLINE/THETA-0.25
39589,1195412,17,OFFLINE/THETA-0.25
27802,599219,18,OFFLINE/THETA-0.25
30450,513234,19,OFFLINE/THETA-0.25
49324,640894,20,OFFLINE/THETA-0.25
9075,116945,21,OFFLINE/THETA-0.25
9412,230656,22,OFFLINE/THETA-0.25
72293,3924844,23a,OFFLINE/THETA-0.25
81454,5106203,23b,OFFLINE/THETA-0.25
26156,850179,24a,OFFLINE/THETA-0.25
57591,1049186,24b,OFFLINE/THETA-0.25
38902,1228011,25,OFFLINE/THETA-0.25
34092,582726,26,OFFLINE/THETA-0.25
15365,640798,27,OFFLINE/THETA-0.25
18986,1453386,28,OFFLINE/THETA-0.25
66694,1098359,29,OFFLINE/THETA-0.25
16066,473004,30,OFFLINE/THETA-0.25
79235,4675499,88,OFFLINE/THETA-0.25
41735,658706,90,OFFLINE/THETA-0.25
15976,417665,01,OFFLINE/THETA-0.25
13200,706586,02,OFFLINE/THETA-0.25
13516,474991,63,OFFLINE/THETA-0.25
50820,1457224,64,OFFLINE/THETA-0.25
29195,1322289,65,OFFLINE/THETA-0.25
34094,551839,66,OFFLINE/THETA-0.25
57124,2157712,67,OFFLINE/THETA-0.25
15647,395104,03,OFFLINE/THETA-0.25
127841,7962451,04,OFFLINE/THETA-0.25
28399,2103905,05,OFFLINE/THETA-0.25
20816,533249,06,OFFLINE/THETA-0.25
18258,976261,07,OFFLINE/THETA-0.25
14886,297140,08,OFFLINE/THETA-0.25
24680,2475916,09,OFFLINE/THETA-0.25
21223,476242,10,OFFLINE/THETA-0.25
57471,4217453,11,OFFLINE/THETA-0.25
14838,254929,12,OFFLINE/THETA-0.25
22596,598513,13,OFFLINE/THETA-0.25
105959,4432240,14a,OFFLINE/THETA-0.25
164161,6635841,14b,OFFLINE/THETA-0.25
17321,495633,15,OFFLINE/THETA-0.25
32451,469064,16,OFFLINE/THETA-0.25
50845,1815881,17,OFFLINE/THETA-0.25
25546,635173,18,OFFLINE/THETA-0.25
26136,453434,19,OFFLINE/THETA-0.25
17679,517713,20,OFFLINE/THETA-0.25
8491,124201,21,OFFLINE/THETA-0.25
9663,211487,22,OFFLINE/THETA-0.25
67806,3999256,23a,OFFLINE/THETA-0.25
74758,4770372,23b,OFFLINE/THETA-0.25
59404,888230,24a,OFFLINE/THETA-0.25
37896,1099242,24b,OFFLINE/THETA-0.25
40679,1437753,25,OFFLINE/THETA-0.25
21581,539184,26,OFFLINE/THETA-0.25
15002,692342,27,OFFLINE/THETA-0.25
19101,1438385,28,OFFLINE/THETA-0.25
35172,1149623,29,OFFLINE/THETA-0.25
14167,451964,30,OFFLINE/THETA-0.25
21348,723277,31,OFFLINE/THETA-0.25
10282,224313,32,OFFLINE/THETA-0.25
24406,803783,33,OFFLINE/THETA-0.25
12595,656124,34,OFFLINE/THETA-0.25
23894,657624,35,OFFLINE/THETA-0.25
20923,820288,36,OFFLINE/THETA-0.25
7063,183281,37,OFFLINE/THETA-0.25
22568,646011,38,OFFLINE/THETA-0.25
24316,464446,39a,OFFLINE/THETA-0.25
24074,471855,39b,OFFLINE/THETA-0.25
18264,253527,40,OFFLINE/THETA-0.25
40706,961173,69,OFFLINE/THETA-0.25
53822,1076982,70,OFFLINE/THETA-0.25
25951,1748194,71,OFFLINE/THETA-0.25
35573,644890,73,OFFLINE/THETA-0.25
42307,2258690,74,OFFLINE/THETA-0.25
58358,2189653,75,OFFLINE/THETA-0.25
17738,486639,76,OFFLINE/THETA-0.25
28901,931840,77,OFFLINE/THETA-0.25
84202,2720115,78,OFFLINE/THETA-0.25
19716,1062147,79,OFFLINE/THETA-0.25
39367,1891217,80,OFFLINE/THETA-0.25
13883,248177,81,OFFLINE/THETA-0.25
10239,278497,82,OFFLINE/THETA-0.25
13536,256033,83,OFFLINE/THETA-0.25
6901,111159,84,OFFLINE/THETA-0.25
20457,193733,85,OFFLINE/THETA-0.25
11918,125125,86,OFFLINE/THETA-0.25
20239,619256,87,OFFLINE/THETA-0.25
22677,526656,89,OFFLINE/THETA-0.25
12788,117934,91,OFFLINE/THETA-0.25
9434,408567,92,OFFLINE/THETA-0.25
24056,776920,93,OFFLINE/THETA-0.25
19219,459493,94,OFFLINE/THETA-0.25
12332,798369,96,OFFLINE/THETA-0.25
21427,863513,97,OFFLINE/THETA-0.25
24402,784877,98,OFFLINE/THETA-0.25
25633,234345,99,OFFLINE/THETA-0.25
16501,95210,41,OFFLINE/THETA-0.25
23626,569553,42,OFFLINE/THETA-0.25
17845,509304,43,OFFLINE/THETA-0.25
50012,650959,44,OFFLINE/THETA-0.25
23384,542057,45,OFFLINE/THETA-0.25
27619,846181,46,OFFLINE/THETA-0.25
44339,1381637,47,OFFLINE/THETA-0.25
22559,528584,48,OFFLINE/THETA-0.25
27035,892431,49,OFFLINE/THETA-0.25
34260,999228,50,OFFLINE/THETA-0.25
27224,401972,51,OFFLINE/THETA-0.25
43714,378769,52,OFFLINE/THETA-0.25
12992,517411,53,OFFLINE/THETA-0.25
33355,1159889,54,OFFLINE/THETA-0.25
15027,378114,55,OFFLINE/THETA-0.25
24988,728357,56,OFFLINE/THETA-0.25
30982,808352,57,OFFLINE/THETA-0.25
45895,1138107,58,OFFLINE/THETA-0.25
17959,573456,59,OFFLINE/THETA-0.25
24543,554654,60,OFFLINE/THETA-0.25
25095,1623145,61,OFFLINE/THETA-0.25
17610,260518,62,OFFLINE/THETA-0.25
14063,647385,68,OFFLINE/THETA-0.25
82501,4890446,88,OFFLINE/THETA-0.25
13959,492942,90,OFFLINE/THETA-0.25
14652,301605,01,OFFLINE/THETA-0.25
17139,1002276,02,OFFLINE/THETA-0.25
12494,460698,63,OFFLINE/THETA-0.25
58167,1093477,64,OFFLINE/THETA-0.25
29707,1265810,65,OFFLINE/THETA-0.25
31026,540229,66,OFFLINE/THETA-0.25
49983,1878298,67,OFFLINE/THETA-0.25
16581,455741,03,OFFLINE/THETA-0.25
87105,3760403,04,OFFLINE/THETA-0.25
34557,1728391,05,OFFLINE/THETA-0.25
23107,509635,06,OFFLINE/THETA-0.25
19305,978302,07,OFFLINE/THETA-0.25
15093,273372,08,OFFLINE/THETA-0.25
27789,2531697,09,OFFLINE/THETA-0.25
18060,496075,10,OFFLINE/THETA-0.25
46395,3147968,11,OFFLINE/THETA-0.25
14933,246109,12,OFFLINE/THETA-0.25
14057,570090,13,OFFLINE/THETA-0.25
106477,4419976,14a,OFFLINE/THETA-0.25
41213,1139439,69,OFFLINE/THETA-0.25
43542,1660823,70,OFFLINE/THETA-0.25
31214,1437334,71,OFFLINE/THETA-0.25
14726,737700,73,OFFLINE/THETA-0.25
44420,2666966,74,OFFLINE/THETA-0.25
45756,2570062,75,OFFLINE/THETA-0.25
14564,374845,76,OFFLINE/THETA-0.25
24926,1318006,77,OFFLINE/THETA-0.25
52549,3200584,78,OFFLINE/THETA-0.25
19248,1014914,79,OFFLINE/THETA-0.25
34498,2345476,80,OFFLINE/THETA-0.25
15643,306267,81,OFFLINE/THETA-0.25
13382,301326,82,OFFLINE/THETA-0.25
15161,311678,83,OFFLINE/THETA-0.25
5575,92297,84,OFFLINE/THETA-0.25
15562,165981,85,OFFLINE/THETA-0.25
12209,143783,86,OFFLINE/THETA-0.25
19878,938489,87,OFFLINE/THETA-0.25
19537,466152,89,OFFLINE/THETA-0.25
12211,127891,91,OFFLINE/THETA-0.25
8596,423013,92,OFFLINE/THETA-0.25
21661,461763,93,OFFLINE/THETA-0.25
18965,482578,94,OFFLINE/THETA-0.25
13079,790579,96,OFFLINE/THETA-0.25
27635,441523,97,OFFLINE/THETA-0.25
25511,819838,98,OFFLINE/THETA-0.25
24220,228605,99,OFFLINE/THETA-0.25
148297,6523193,14b,OFFLINE/THETA-0.25
19199,551206,15,OFFLINE/THETA-0.25
18959,507054,16,OFFLINE/THETA-0.25
36555,1069586,17,OFFLINE/THETA-0.25
27198,593592,18,OFFLINE/THETA-0.25
23273,535490,19,OFFLINE/THETA-0.25
18184,475438,20,OFFLINE/THETA-0.25
9587,100110,21,OFFLINE/THETA-0.25
9405,211259,22,OFFLINE/THETA-0.25
71039,3963973,23a,OFFLINE/THETA-0.25
97101,3590975,23b,OFFLINE/THETA-0.25
26825,954252,24a,OFFLINE/THETA-0.25
23551,823321,24b,OFFLINE/THETA-0.25
34041,997636,25,OFFLINE/THETA-0.25
31508,475021,26,OFFLINE/THETA-0.25
16235,790748,27,OFFLINE/THETA-0.25
17153,1355716,28,OFFLINE/THETA-0.25
37594,1217011,29,OFFLINE/THETA-0.25
14557,424073,30,OFFLINE/THETA-0.25
22034,1114877,31,OFFLINE/THETA-0.25
13329,147462,32,OFFLINE/THETA-0.25
23526,700300,33,OFFLINE/THETA-0.25
12456,668914,34,OFFLINE/THETA-0.25
21232,605014,35,OFFLINE/THETA-0.25
16851,754081,36,OFFLINE/THETA-0.25
6590,188306,37,OFFLINE/THETA-0.25
16693,858278,38,OFFLINE/THETA-0.25
26056,474992,39a,OFFLINE/THETA-0.25
24485,444880,39b,OFFLINE/THETA-0.25
18840,240669,40,OFFLINE/THETA-0.25
74325,5248855,88,OFFLINE/THETA-0.25
14822,363268,90,OFFLINE/THETA-0.25
13844,374692,01,OFFLINE/THETA-0.25
20322,1184580,02,OFFLINE/THETA-0.25
13854,483069,63,OFFLINE/THETA-0.25
50416,1345215,64,OFFLINE/THETA-0.25
25858,1211618,65,OFFLINE/THETA-0.25
30779,591776,66,OFFLINE/THETA-0.25
51618,1956687,67,OFFLINE/THETA-0.25
16910,440269,03,OFFLINE/THETA-0.25
74004,6262151,04,OFFLINE/THETA-0.25
28332,2267563,05,OFFLINE/THETA-0.25
21240,545579,06,OFFLINE/THETA-0.25
23017,1115176,07,OFFLINE/THETA-0.25
14440,295444,08,OFFLINE/THETA-0.25
28216,2713578,09,OFFLINE/THETA-0.25
19124,552786,10,OFFLINE/THETA-0.25
50519,3273379,11,OFFLINE/THETA-0.25
15826,239448,12,OFFLINE/THETA-0.25
13883,554707,13,OFFLINE/THETA-0.25
109974,4933595,14a,OFFLINE/THETA-0.25
16423,64925,41,OFFLINE/THETA-0.25
25156,557786,42,OFFLINE/THETA-0.25
17938,578099,43,OFFLINE/THETA-0.25
21580,824984,44,OFFLINE/THETA-0.25
23032,565151,45,OFFLINE/THETA-0.25
29812,924675,46,OFFLINE/THETA-0.25
47868,1517771,47,OFFLINE/THETA-0.25
20784,411855,48,OFFLINE/THETA-0.25
27147,1276167,49,OFFLINE/THETA-0.25
34194,922887,50,OFFLINE/THETA-0.25
20285,612038,51,OFFLINE/THETA-0.25
25860,347276,52,OFFLINE/THETA-0.25
12920,450988,53,OFFLINE/THETA-0.25
37390,1224318,54,OFFLINE/THETA-0.25
14714,340061,55,OFFLINE/THETA-0.25
28908,745392,56,OFFLINE/THETA-0.25
35494,942563,57,OFFLINE/THETA-0.25
28775,1225053,58,OFFLINE/THETA-0.25
18480,478704,59,OFFLINE/THETA-0.25
24702,725052,60,OFFLINE/THETA-0.25
25332,1783482,61,OFFLINE/THETA-0.25
18723,313176,62,OFFLINE/THETA-0.25
15374,745038,68,OFFLINE/THETA-0.25
96437,5229162,88,OFFLINE/THETA-0.25
13703,448023,90,OFFLINE/THETA-0.25
14245,334082,01,OFFLINE/THETA-0.25
12150,673068,02,OFFLINE/THETA-0.25
12466,461058,63,OFFLINE/THETA-0.25
47655,1307633,64,OFFLINE/THETA-0.25
28609,1386741,65,OFFLINE/THETA-0.25
31315,607052,66,OFFLINE/THETA-0.25
54932,2054808,67,OFFLINE/THETA-0.25
15026,375518,03,OFFLINE/THETA-0.25
75492,5940688,04,OFFLINE/THETA-0.25
37371,1716711,05,OFFLINE/THETA-0.25
26088,530035,06,OFFLINE/THETA-0.25
24895,1273820,07,OFFLINE/THETA-0.25
14932,293148,08,OFFLINE/THETA-0.25
28437,2618227,09,OFFLINE/THETA-0.25
19004,571453,10,OFFLINE/THETA-0.25
46762,3232606,11,OFFLINE/THETA-0.25
15451,269345,12,OFFLINE/THETA-0.25
13872,580642,13,OFFLINE/THETA-0.25
98957,4446156,14a,OFFLINE/THETA-0.25
39976,960312,69,OFFLINE/THETA-0.25
69730,1542646,70,OFFLINE/THETA-0.25
31234,1515550,71,OFFLINE/THETA-0.25
33011,712266,73,OFFLINE/THETA-0.25
39860,2574716,74,OFFLINE/THETA-0.25
44767,2811488,75,OFFLINE/THETA-0.25
13916,344143,76,OFFLINE/THETA-0.25
23527,1029553,77,OFFLINE/THETA-0.25
49755,3205881,78,OFFLINE/THETA-0.25
18813,999990,79,OFFLINE/THETA-0.25
36954,2092514,80,OFFLINE/THETA-0.25
13619,293704,81,OFFLINE/THETA-0.25
10291,270431,82,OFFLINE/THETA-0.25
12589,432687,83,OFFLINE/THETA-0.25
7332,123327,84,OFFLINE/THETA-0.25
15815,175661,85,OFFLINE/THETA-0.25
11933,125889,86,OFFLINE/THETA-0.25
19889,782474,87,OFFLINE/THETA-0.25
20698,492231,89,OFFLINE/THETA-0.25
12223,115538,91,OFFLINE/THETA-0.25
8987,437159,92,OFFLINE/THETA-0.25
21678,479859,93,OFFLINE/THETA-0.25
19526,488983,94,OFFLINE/THETA-0.25
12782,837927,96,OFFLINE/THETA-0.25
17821,688549,97,OFFLINE/THETA-0.25
24378,776782,98,OFFLINE/THETA-0.25
26435,239837,99,OFFLINE/THETA-0.25
16391,98533,41,OFFLINE/THETA-0.25
24858,554399,42,OFFLINE/THETA-0.25
17667,669993,43,OFFLINE/THETA-0.25
21791,860929,44,OFFLINE/THETA-0.25
58119,514841,45,OFFLINE/THETA-0.25
26098,872979,46,OFFLINE/THETA-0.25
47392,1486483,47,OFFLINE/THETA-0.25
20548,427724,48,OFFLINE/THETA-0.25
33426,1055437,49,OFFLINE/THETA-0.25
62413,859552,50,OFFLINE/THETA-0.25
21784,739391,51,OFFLINE/THETA-0.25
14589,304164,52,OFFLINE/THETA-0.25
16832,680930,53,OFFLINE/THETA-0.25
36516,1187218,54,OFFLINE/THETA-0.25
14659,315151,55,OFFLINE/THETA-0.25
55254,916695,56,OFFLINE/THETA-0.25
35067,958931,57,OFFLINE/THETA-0.25
30637,1564277,58,OFFLINE/THETA-0.25
17120,443497,59,OFFLINE/THETA-0.25
27877,745184,60,OFFLINE/THETA-0.25
25556,1738389,61,OFFLINE/THETA-0.25
19430,314175,62,OFFLINE/THETA-0.25
52690,724138,68,OFFLINE/THETA-0.25
142044,5991513,14b,OFFLINE/THETA-0.25
18884,552427,15,OFFLINE/THETA-0.25
18934,417458,16,OFFLINE/THETA-0.25
38839,1204535,17,OFFLINE/THETA-0.25
30138,642894,18,OFFLINE/THETA-0.25
22512,506128,19,OFFLINE/THETA-0.25
18378,541013,20,OFFLINE/THETA-0.25
9249,133402,21,OFFLINE/THETA-0.25
9844,227487,22,OFFLINE/THETA-0.25
78883,4189784,23a,OFFLINE/THETA-0.25
114100,5499935,23b,OFFLINE/THETA-0.25
26965,865685,24a,OFFLINE/THETA-0.25
28812,954740,24b,OFFLINE/THETA-0.25
39328,1247820,25,OFFLINE/THETA-0.25
32047,421211,26,OFFLINE/THETA-0.25
15994,728979,27,OFFLINE/THETA-0.25
22239,1511619,28,OFFLINE/THETA-0.25
34872,1034619,29,OFFLINE/THETA-0.25
15188,421926,30,OFFLINE/THETA-0.25
22327,575081,31,OFFLINE/THETA-0.25
12530,159381,32,OFFLINE/THETA-0.25
28669,738743,33,OFFLINE/THETA-0.25
14319,660504,34,OFFLINE/THETA-0.25
21847,655217,35,OFFLINE/THETA-0.25
16865,735041,36,OFFLINE/THETA-0.25
6726,196628,37,OFFLINE/THETA-0.25
35689,946763,38,OFFLINE/THETA-0.25
25668,459340,39a,OFFLINE/THETA-0.25
25272,498524,39b,OFFLINE/THETA-0.25
19038,240654,40,OFFLINE/THETA-0.25
43991,2185124,31,OFFLINE/THETA-0.5
21532,149681,32,OFFLINE/THETA-0.5
27945,786624,33,OFFLINE/THETA-0.5
16550,216946,34,OFFLINE/THETA-0.5
29306,619872,35,OFFLINE/THETA-0.5
23164,479821,36,OFFLINE/THETA-0.5
10252,191932,37,OFFLINE/THETA-0.5
25043,622490,38,OFFLINE/THETA-0.5
26838,427165,39a,OFFLINE/THETA-0.5
25905,434357,39b,OFFLINE/THETA-0.5
24253,237374,40,OFFLINE/THETA-0.5
2135,992,41,OFFLINE/THETA-0.5
21170,273509,42,OFFLINE/THETA-0.5
11491,220670,43,OFFLINE/THETA-0.5
14546,318901,44,OFFLINE/THETA-0.5
21826,392729,45,OFFLINE/THETA-0.5
19303,261085,46,OFFLINE/THETA-0.5
43861,1092657,47,OFFLINE/THETA-0.5
29538,394380,48,OFFLINE/THETA-0.5
33411,831469,49,OFFLINE/THETA-0.5
73209,1419270,50,OFFLINE/THETA-0.5
36721,420474,51,OFFLINE/THETA-0.5
21826,342004,52,OFFLINE/THETA-0.5
19355,324198,53,OFFLINE/THETA-0.5
32902,905179,54,OFFLINE/THETA-0.5
22986,386465,55,OFFLINE/THETA-0.5
32555,458614,56,OFFLINE/THETA-0.5
45999,929336,57,OFFLINE/THETA-0.5
37347,1441131,58,OFFLINE/THETA-0.5
20120,485335,59,OFFLINE/THETA-0.5
33403,724887,60,OFFLINE/THETA-0.5
57641,639163,61,OFFLINE/THETA-0.5
24235,225702,62,OFFLINE/THETA-0.5
18623,290280,68,OFFLINE/THETA-0.5
38726,835043,69,OFFLINE/THETA-0.5
34907,1134712,70,OFFLINE/THETA-0.5
26807,679538,71,OFFLINE/THETA-0.5
16309,189560,73,OFFLINE/THETA-0.5
41488,2156402,74,OFFLINE/THETA-0.5
56135,1727385,75,OFFLINE/THETA-0.5
18767,277863,76,OFFLINE/THETA-0.5
149815,5216639,14b,OFFLINE/THETA-0.5
19565,411931,15,OFFLINE/THETA-0.5
21395,376120,16,OFFLINE/THETA-0.5
51813,976034,17,OFFLINE/THETA-0.5
44031,716150,18,OFFLINE/THETA-0.5
31302,550612,19,OFFLINE/THETA-0.5
22462,628800,20,OFFLINE/THETA-0.5
10195,121700,21,OFFLINE/THETA-0.5
9964,200077,22,OFFLINE/THETA-0.5
84632,4322081,23a,OFFLINE/THETA-0.5
73659,3676003,23b,OFFLINE/THETA-0.5
25293,500080,24a,OFFLINE/THETA-0.5
26200,491286,24b,OFFLINE/THETA-0.5
58528,1291537,25,OFFLINE/THETA-0.5
45942,394316,26,OFFLINE/THETA-0.5
19748,360767,27,OFFLINE/THETA-0.5
19156,1358085,28,OFFLINE/THETA-0.5
49227,911172,29,OFFLINE/THETA-0.5
14513,313682,30,OFFLINE/THETA-0.5
66870,1804636,77,OFFLINE/THETA-0.5
71470,3512445,78,OFFLINE/THETA-0.5
32788,619310,79,OFFLINE/THETA-0.5
41917,1187473,80,OFFLINE/THETA-0.5
15904,296024,81,OFFLINE/THETA-0.5
11837,261531,82,OFFLINE/THETA-0.5
17083,271445,83,OFFLINE/THETA-0.5
8115,115797,84,OFFLINE/THETA-0.5
16815,189255,85,OFFLINE/THETA-0.5
12144,122964,86,OFFLINE/THETA-0.5
25950,494371,87,OFFLINE/THETA-0.5
29638,462378,89,OFFLINE/THETA-0.5
13634,120573,91,OFFLINE/THETA-0.5
8628,196179,92,OFFLINE/THETA-0.5
26922,456509,93,OFFLINE/THETA-0.5
21206,420881,94,OFFLINE/THETA-0.5
12996,727974,96,OFFLINE/THETA-0.5
19306,559456,97,OFFLINE/THETA-0.5
31729,819135,98,OFFLINE/THETA-0.5
29081,234105,99,OFFLINE/THETA-0.5
76969,4828622,88,OFFLINE/THETA-0.5
13496,387385,90,OFFLINE/THETA-0.5
13946,324932,01,OFFLINE/THETA-0.5
12335,418813,02,OFFLINE/THETA-0.5
14342,215744,63,OFFLINE/THETA-0.5
52690,818881,64,OFFLINE/THETA-0.5
31496,941594,65,OFFLINE/THETA-0.5
37480,397520,66,OFFLINE/THETA-0.5
58857,1851345,67,OFFLINE/THETA-0.5
22545,316106,03,OFFLINE/THETA-0.5
128647,3925045,04,OFFLINE/THETA-0.5
27291,1869575,05,OFFLINE/THETA-0.5
28514,519323,06,OFFLINE/THETA-0.5
31492,688963,07,OFFLINE/THETA-0.5
20707,316894,08,OFFLINE/THETA-0.5
25628,2057865,09,OFFLINE/THETA-0.5
27344,487545,10,OFFLINE/THETA-0.5
90013,2756408,11,OFFLINE/THETA-0.5
16642,205494,12,OFFLINE/THETA-0.5
16611,287182,13,OFFLINE/THETA-0.5
110785,4468735,14a,OFFLINE/THETA-0.5
95058,2882209,77,OFFLINE/THETA-0.5
73160,3676788,78,OFFLINE/THETA-0.5
32028,574428,79,OFFLINE/THETA-0.5
37962,1207673,80,OFFLINE/THETA-0.5
16704,269086,81,OFFLINE/THETA-0.5
11007,287842,82,OFFLINE/THETA-0.5
16094,430329,83,OFFLINE/THETA-0.5
7142,111554,84,OFFLINE/THETA-0.5
17691,172016,85,OFFLINE/THETA-0.5
12346,123563,86,OFFLINE/THETA-0.5
19526,787635,87,OFFLINE/THETA-0.5
28736,430171,89,OFFLINE/THETA-0.5
12681,129737,91,OFFLINE/THETA-0.5
8403,197511,92,OFFLINE/THETA-0.5
29911,579943,93,OFFLINE/THETA-0.5
23390,501126,94,OFFLINE/THETA-0.5
14519,710918,96,OFFLINE/THETA-0.5
18721,540752,97,OFFLINE/THETA-0.5
33740,740240,98,OFFLINE/THETA-0.5
27940,197261,99,OFFLINE/THETA-0.5
54750,3044669,31,OFFLINE/THETA-0.5
52529,139340,32,OFFLINE/THETA-0.5
28892,757137,33,OFFLINE/THETA-0.5
17349,244484,34,OFFLINE/THETA-0.5
28920,581436,35,OFFLINE/THETA-0.5
27216,476928,36,OFFLINE/THETA-0.5
11629,205501,37,OFFLINE/THETA-0.5
27291,666033,38,OFFLINE/THETA-0.5
37214,446295,39a,OFFLINE/THETA-0.5
26757,428049,39b,OFFLINE/THETA-0.5
25021,251051,40,OFFLINE/THETA-0.5
2277,1109,41,OFFLINE/THETA-0.5
20471,347737,42,OFFLINE/THETA-0.5
11474,237121,43,OFFLINE/THETA-0.5
14566,358951,44,OFFLINE/THETA-0.5
24860,424968,45,OFFLINE/THETA-0.5
20110,289983,46,OFFLINE/THETA-0.5
50364,1093474,47,OFFLINE/THETA-0.5
28402,407619,48,OFFLINE/THETA-0.5
28546,680696,49,OFFLINE/THETA-0.5
84344,4710925,88,OFFLINE/THETA-0.5
14182,357381,90,OFFLINE/THETA-0.5
14266,319840,01,OFFLINE/THETA-0.5
16172,612682,02,OFFLINE/THETA-0.5
15515,230274,63,OFFLINE/THETA-0.5
82712,864767,64,OFFLINE/THETA-0.5
43695,967449,65,OFFLINE/THETA-0.5
35107,355802,66,OFFLINE/THETA-0.5
60253,1851215,67,OFFLINE/THETA-0.5
22490,350694,03,OFFLINE/THETA-0.5
97872,4812714,04,OFFLINE/THETA-0.5
53850,1528397,05,OFFLINE/THETA-0.5
28454,543628,06,OFFLINE/THETA-0.5
31440,694786,07,OFFLINE/THETA-0.5
15651,295728,08,OFFLINE/THETA-0.5
25883,2449779,09,OFFLINE/THETA-0.5
28207,524162,10,OFFLINE/THETA-0.5
54396,3398299,11,OFFLINE/THETA-0.5
16281,217571,12,OFFLINE/THETA-0.5
16977,269700,13,OFFLINE/THETA-0.5
112390,4034009,14a,OFFLINE/THETA-0.5
70619,1510619,50,OFFLINE/THETA-0.5
37444,463559,51,OFFLINE/THETA-0.5
26168,502095,52,OFFLINE/THETA-0.5
19621,358260,53,OFFLINE/THETA-0.5
38815,958595,54,OFFLINE/THETA-0.5
22978,357167,55,OFFLINE/THETA-0.5
46720,866487,56,OFFLINE/THETA-0.5
39543,789315,57,OFFLINE/THETA-0.5
35842,1216963,58,OFFLINE/THETA-0.5
35399,443435,59,OFFLINE/THETA-0.5
32967,683084,60,OFFLINE/THETA-0.5
59978,1293804,61,OFFLINE/THETA-0.5
21825,183739,62,OFFLINE/THETA-0.5
16431,263307,68,OFFLINE/THETA-0.5
26426,534693,69,OFFLINE/THETA-0.5
33423,1063639,70,OFFLINE/THETA-0.5
20760,626185,71,OFFLINE/THETA-0.5
13767,150257,73,OFFLINE/THETA-0.5
63353,1776574,74,OFFLINE/THETA-0.5
56739,2033440,75,OFFLINE/THETA-0.5
16510,306133,76,OFFLINE/THETA-0.5
137564,5246639,14b,OFFLINE/THETA-0.5
24829,461803,15,OFFLINE/THETA-0.5
24110,388843,16,OFFLINE/THETA-0.5
50569,1082114,17,OFFLINE/THETA-0.5
48258,801328,18,OFFLINE/THETA-0.5
35392,707188,19,OFFLINE/THETA-0.5
29142,713217,20,OFFLINE/THETA-0.5
9297,122125,21,OFFLINE/THETA-0.5
9947,213870,22,OFFLINE/THETA-0.5
64070,3191791,23a,OFFLINE/THETA-0.5
73537,3832962,23b,OFFLINE/THETA-0.5
45233,502540,24a,OFFLINE/THETA-0.5
53296,520418,24b,OFFLINE/THETA-0.5
47236,941071,25,OFFLINE/THETA-0.5
48662,432874,26,OFFLINE/THETA-0.5
21101,382328,27,OFFLINE/THETA-0.5
18778,1450252,28,OFFLINE/THETA-0.5
47712,769203,29,OFFLINE/THETA-0.5
16449,451407,30,OFFLINE/THETA-0.5
75656,4555644,88,OFFLINE/THETA-0.5
30118,573250,90,OFFLINE/THETA-0.5
15161,301172,01,OFFLINE/THETA-0.5
11195,380441,02,OFFLINE/THETA-0.5
14229,221229,63,OFFLINE/THETA-0.5
58451,910897,64,OFFLINE/THETA-0.5
33919,911359,65,OFFLINE/THETA-0.5
35900,375901,66,OFFLINE/THETA-0.5
59365,1861875,67,OFFLINE/THETA-0.5
21913,305541,03,OFFLINE/THETA-0.5
121919,5448853,04,OFFLINE/THETA-0.5
36882,1424025,05,OFFLINE/THETA-0.5
31663,559255,06,OFFLINE/THETA-0.5
29832,659496,07,OFFLINE/THETA-0.5
20101,302579,08,OFFLINE/THETA-0.5
25723,2112681,09,OFFLINE/THETA-0.5
25327,534750,10,OFFLINE/THETA-0.5
89649,2702417,11,OFFLINE/THETA-0.5
16867,211250,12,OFFLINE/THETA-0.5
16718,274733,13,OFFLINE/THETA-0.5
113333,3801243,14a,OFFLINE/THETA-0.5
16324,132561,41,OFFLINE/THETA-0.5
30015,520176,42,OFFLINE/THETA-0.5
15912,267794,43,OFFLINE/THETA-0.5
23971,558326,44,OFFLINE/THETA-0.5
26938,573692,45,OFFLINE/THETA-0.5
20590,293638,46,OFFLINE/THETA-0.5
51458,1359722,47,OFFLINE/THETA-0.5
28407,385116,48,OFFLINE/THETA-0.5
30197,641828,49,OFFLINE/THETA-0.5
37142,993841,50,OFFLINE/THETA-0.5
26698,551283,51,OFFLINE/THETA-0.5
21623,306462,52,OFFLINE/THETA-0.5
13932,220129,53,OFFLINE/THETA-0.5
32844,921803,54,OFFLINE/THETA-0.5
22934,408047,55,OFFLINE/THETA-0.5
29835,717019,56,OFFLINE/THETA-0.5
35878,716454,57,OFFLINE/THETA-0.5
37309,1313565,58,OFFLINE/THETA-0.5
29419,397543,59,OFFLINE/THETA-0.5
29219,746705,60,OFFLINE/THETA-0.5
26061,1218478,61,OFFLINE/THETA-0.5
21799,151682,62,OFFLINE/THETA-0.5
16470,241863,68,OFFLINE/THETA-0.5
71582,784455,69,OFFLINE/THETA-0.5
41369,1455744,70,OFFLINE/THETA-0.5
32021,864462,71,OFFLINE/THETA-0.5
14543,164762,73,OFFLINE/THETA-0.5
46809,2783442,74,OFFLINE/THETA-0.5
54268,1608526,75,OFFLINE/THETA-0.5
16092,242425,76,OFFLINE/THETA-0.5
35858,987823,77,OFFLINE/THETA-0.5
87923,2018905,78,OFFLINE/THETA-0.5
30153,581022,79,OFFLINE/THETA-0.5
36584,1091891,80,OFFLINE/THETA-0.5
16449,317199,81,OFFLINE/THETA-0.5
11933,289874,82,OFFLINE/THETA-0.5
14723,364175,83,OFFLINE/THETA-0.5
6747,95450,84,OFFLINE/THETA-0.5
18547,163762,85,OFFLINE/THETA-0.5
12149,135077,86,OFFLINE/THETA-0.5
23360,512988,87,OFFLINE/THETA-0.5
29630,400746,89,OFFLINE/THETA-0.5
12794,107962,91,OFFLINE/THETA-0.5
8980,199485,92,OFFLINE/THETA-0.5
26876,472028,93,OFFLINE/THETA-0.5
23072,453313,94,OFFLINE/THETA-0.5
16505,729421,96,OFFLINE/THETA-0.5
50728,588945,97,OFFLINE/THETA-0.5
35152,777787,98,OFFLINE/THETA-0.5
28982,187452,99,OFFLINE/THETA-0.5
146765,5286558,14b,OFFLINE/THETA-0.5
22121,412247,15,OFFLINE/THETA-0.5
23310,435256,16,OFFLINE/THETA-0.5
83623,1281870,17,OFFLINE/THETA-0.5
45400,697878,18,OFFLINE/THETA-0.5
31477,546114,19,OFFLINE/THETA-0.5
21613,519336,20,OFFLINE/THETA-0.5
9295,101420,21,OFFLINE/THETA-0.5
30487,121802,22,OFFLINE/THETA-0.5
98916,3404696,23a,OFFLINE/THETA-0.5
87203,4623813,23b,OFFLINE/THETA-0.5
25546,486785,24a,OFFLINE/THETA-0.5
25783,494506,24b,OFFLINE/THETA-0.5
49609,1046030,25,OFFLINE/THETA-0.5
45861,383988,26,OFFLINE/THETA-0.5
20955,355178,27,OFFLINE/THETA-0.5
30907,1403937,28,OFFLINE/THETA-0.5
47662,996540,29,OFFLINE/THETA-0.5
15498,297075,30,OFFLINE/THETA-0.5
24604,669080,31,OFFLINE/THETA-0.5
15997,121429,32,OFFLINE/THETA-0.5
30550,513450,33,OFFLINE/THETA-0.5
15721,199044,34,OFFLINE/THETA-0.5
26068,556625,35,OFFLINE/THETA-0.5
21106,454867,36,OFFLINE/THETA-0.5
9256,157244,37,OFFLINE/THETA-0.5
26206,489893,38,OFFLINE/THETA-0.5
25507,423966,39a,OFFLINE/THETA-0.5
25227,405737,39b,OFFLINE/THETA-0.5
19563,241455,40,OFFLINE/THETA-0.5
68620,951497,69,OFFLINE/THETA-0.5
42813,1402214,70,OFFLINE/THETA-0.5
29696,840187,71,OFFLINE/THETA-0.5
14525,170727,73,OFFLINE/THETA-0.5
42933,2599699,74,OFFLINE/THETA-0.5
56130,1981880,75,OFFLINE/THETA-0.5
17351,285060,76,OFFLINE/THETA-0.5
35065,890087,77,OFFLINE/THETA-0.5
97096,2701428,78,OFFLINE/THETA-0.5
30058,557536,79,OFFLINE/THETA-0.5
38359,1022791,80,OFFLINE/THETA-0.5
15097,217551,81,OFFLINE/THETA-0.5
11374,277027,82,OFFLINE/THETA-0.5
16914,244306,83,OFFLINE/THETA-0.5
5825,91754,84,OFFLINE/THETA-0.5
16407,151093,85,OFFLINE/THETA-0.5
13406,131596,86,OFFLINE/THETA-0.5
26900,645116,87,OFFLINE/THETA-0.5
28353,398979,89,OFFLINE/THETA-0.5
13684,115605,91,OFFLINE/THETA-0.5
11858,211325,92,OFFLINE/THETA-0.5
28791,517044,93,OFFLINE/THETA-0.5
19475,435411,94,OFFLINE/THETA-0.5
14560,760702,96,OFFLINE/THETA-0.5
19647,522632,97,OFFLINE/THETA-0.5
35838,879953,98,OFFLINE/THETA-0.5
29150,191957,99,OFFLINE/THETA-0.5
155994,5538317,14b,OFFLINE/THETA-0.5
19868,428231,15,OFFLINE/THETA-0.5
23668,368276,16,OFFLINE/THETA-0.5
50651,1109736,17,OFFLINE/THETA-0.5
45065,616278,18,OFFLINE/THETA-0.5
33429,589038,19,OFFLINE/THETA-0.5
23874,639037,20,OFFLINE/THETA-0.5
10651,125525,21,OFFLINE/THETA-0.5
10277,216518,22,OFFLINE/THETA-0.5
71264,3656956,23a,OFFLINE/THETA-0.5
93929,3941246,23b,OFFLINE/THETA-0.5
26427,566798,24a,OFFLINE/THETA-0.5
23411,493003,24b,OFFLINE/THETA-0.5
47598,941976,25,OFFLINE/THETA-0.5
47319,430286,26,OFFLINE/THETA-0.5
19818,363902,27,OFFLINE/THETA-0.5
20517,1427402,28,OFFLINE/THETA-0.5
47280,845538,29,OFFLINE/THETA-0.5
15430,251332,30,OFFLINE/THETA-0.5
25535,983098,31,OFFLINE/THETA-0.5
16124,132696,32,OFFLINE/THETA-0.5
33875,716474,33,OFFLINE/THETA-0.5
14310,247793,34,OFFLINE/THETA-0.5
26577,524833,35,OFFLINE/THETA-0.5
20683,427891,36,OFFLINE/THETA-0.5
9538,161286,37,OFFLINE/THETA-0.5
22408,562904,38,OFFLINE/THETA-0.5
25550,438802,39a,OFFLINE/THETA-0.5
25374,426656,39b,OFFLINE/THETA-0.5
23159,243836,40,OFFLINE/THETA-0.5
16159,135603,41,OFFLINE/THETA-0.5
31842,523618,42,OFFLINE/THETA-0.5
17040,333511,43,OFFLINE/THETA-0.5
18895,456818,44,OFFLINE/THETA-0.5
24910,474718,45,OFFLINE/THETA-0.5
27527,497604,46,OFFLINE/THETA-0.5
56105,1317462,47,OFFLINE/THETA-0.5
30457,379427,48,OFFLINE/THETA-0.5
31451,674484,49,OFFLINE/THETA-0.5
37931,978383,50,OFFLINE/THETA-0.5
33623,383859,51,OFFLINE/THETA-0.5
21260,354138,52,OFFLINE/THETA-0.5
13374,218322,53,OFFLINE/THETA-0.5
25466,647519,54,OFFLINE/THETA-0.5
20317,319345,55,OFFLINE/THETA-0.5
59016,789271,56,OFFLINE/THETA-0.5
47100,888654,57,OFFLINE/THETA-0.5
52420,1042319,58,OFFLINE/THETA-0.5
23557,462905,59,OFFLINE/THETA-0.5
31779,911855,60,OFFLINE/THETA-0.5
48385,795173,61,OFFLINE/THETA-0.5
24212,182236,62,OFFLINE/THETA-0.5
16627,264771,68,OFFLINE/THETA-0.5
77844,4949290,88,OFFLINE/THETA-0.5
15454,467648,90,OFFLINE/THETA-0.5
13970,296327,01,OFFLINE/THETA-0.5
18001,648236,02,OFFLINE/THETA-0.5
18248,252242,63,OFFLINE/THETA-0.5
56753,1069004,64,OFFLINE/THETA-0.5
47307,1024336,65,OFFLINE/THETA-0.5
45449,487861,66,OFFLINE/THETA-0.5
75402,2654456,67,OFFLINE/THETA-0.5
33272,503258,03,OFFLINE/THETA-0.5
94754,6649824,04,OFFLINE/THETA-0.5
30318,2149472,05,OFFLINE/THETA-0.5
33032,492774,06,OFFLINE/THETA-0.5
32233,641789,07,OFFLINE/THETA-0.5
19706,281833,08,OFFLINE/THETA-0.5
25468,2234401,09,OFFLINE/THETA-0.5
25691,435139,10,OFFLINE/THETA-0.5
91507,2657868,11,OFFLINE/THETA-0.5
17331,224596,12,OFFLINE/THETA-0.5
22013,284030,13,OFFLINE/THETA-0.5
109443,3861188,14a,OFFLINE/THETA-0.5
62372,989137,69,OFFLINE/THETA-0.5
40700,1369542,70,OFFLINE/THETA-0.5
29818,605731,71,OFFLINE/THETA-0.5
13676,227488,73,OFFLINE/THETA-0.5
40539,2644602,74,OFFLINE/THETA-0.5
61521,2487235,75,OFFLINE/THETA-0.5
20373,394374,76,OFFLINE/THETA-0.5
36935,923897,77,OFFLINE/THETA-0.5
71807,2764231,78,OFFLINE/THETA-0.5
31612,598827,79,OFFLINE/THETA-0.5
35998,1056666,80,OFFLINE/THETA-0.5
16945,236861,81,OFFLINE/THETA-0.5
16250,256333,82,OFFLINE/THETA-0.5
18073,515232,83,OFFLINE/THETA-0.5
36409,222632,84,OFFLINE/THETA-0.5
19302,200325,85,OFFLINE/THETA-0.5
12518,129526,86,OFFLINE/THETA-0.5
21103,584222,87,OFFLINE/THETA-0.5
28858,397426,89,OFFLINE/THETA-0.5
18174,114084,91,OFFLINE/THETA-0.5
8991,216531,92,OFFLINE/THETA-0.5
27237,479353,93,OFFLINE/THETA-0.5
18359,471995,94,OFFLINE/THETA-0.5
18915,737224,96,OFFLINE/THETA-0.5
26757,556674,97,OFFLINE/THETA-0.5
35861,824620,98,OFFLINE/THETA-0.5
30193,210640,99,OFFLINE/THETA-0.5
154115,5505740,14b,OFFLINE/THETA-0.5
22365,395788,15,OFFLINE/THETA-0.5
20997,361448,16,OFFLINE/THETA-0.5
65283,1711123,17,OFFLINE/THETA-0.5
43650,539010,18,OFFLINE/THETA-0.5
33247,635459,19,OFFLINE/THETA-0.5
25705,510799,20,OFFLINE/THETA-0.5
9386,112094,21,OFFLINE/THETA-0.5
9739,232054,22,OFFLINE/THETA-0.5
80035,3583960,23a,OFFLINE/THETA-0.5
85334,5067837,23b,OFFLINE/THETA-0.5
25977,497999,24a,OFFLINE/THETA-0.5
24047,500140,24b,OFFLINE/THETA-0.5
53871,956768,25,OFFLINE/THETA-0.5
47631,395835,26,OFFLINE/THETA-0.5
20285,372617,27,OFFLINE/THETA-0.5
20196,1447917,28,OFFLINE/THETA-0.5
45023,752670,29,OFFLINE/THETA-0.5
19213,332826,30,OFFLINE/THETA-0.5
25286,1288570,31,OFFLINE/THETA-0.5
12035,126111,32,OFFLINE/THETA-0.5
29095,827368,33,OFFLINE/THETA-0.5
12623,202328,34,OFFLINE/THETA-0.5
34447,746746,35,OFFLINE/THETA-0.5
21337,436204,36,OFFLINE/THETA-0.5
9404,166666,37,OFFLINE/THETA-0.5
25286,569361,38,OFFLINE/THETA-0.5
24597,429211,39a,OFFLINE/THETA-0.5
24904,420482,39b,OFFLINE/THETA-0.5
17947,236891,40,OFFLINE/THETA-0.5
17801,65626,41,OFFLINE/THETA-0.5
29588,530561,42,OFFLINE/THETA-0.5
15649,281798,43,OFFLINE/THETA-0.5
20019,528150,44,OFFLINE/THETA-0.5
25415,466121,45,OFFLINE/THETA-0.5
58913,534002,46,OFFLINE/THETA-0.5
60556,1434682,47,OFFLINE/THETA-0.5
29811,384223,48,OFFLINE/THETA-0.5
36324,784330,49,OFFLINE/THETA-0.5
52742,1245305,50,OFFLINE/THETA-0.5
27818,566091,51,OFFLINE/THETA-0.5
22487,386271,52,OFFLINE/THETA-0.5
13461,218890,53,OFFLINE/THETA-0.5
33483,960395,54,OFFLINE/THETA-0.5
22125,348203,55,OFFLINE/THETA-0.5
32327,723551,56,OFFLINE/THETA-0.5
42791,855440,57,OFFLINE/THETA-0.5
52712,1287452,58,OFFLINE/THETA-0.5
22591,495043,59,OFFLINE/THETA-0.5
36223,799439,60,OFFLINE/THETA-0.5
29199,1386923,61,OFFLINE/THETA-0.5
21116,166619,62,OFFLINE/THETA-0.5
17259,293398,68,OFFLINE/THETA-0.5
76434,4865614,88,OFFLINE/THETA-0.5
13220,350269,90,OFFLINE/THETA-0.5
15574,274110,01,OFFLINE/THETA-0.5
12518,448778,02,OFFLINE/THETA-0.5
14207,225185,63,OFFLINE/THETA-0.5
52339,1188025,64,OFFLINE/THETA-0.5
30553,1029707,65,OFFLINE/THETA-0.5
34825,368941,66,OFFLINE/THETA-0.5
62819,1979845,67,OFFLINE/THETA-0.5
21991,321281,03,OFFLINE/THETA-0.5
139818,4833858,04,OFFLINE/THETA-0.5
27588,1741426,05,OFFLINE/THETA-0.5
26617,497719,06,OFFLINE/THETA-0.5
31506,686028,07,OFFLINE/THETA-0.5
20214,275202,08,OFFLINE/THETA-0.5
26639,2435674,09,OFFLINE/THETA-0.5
28394,476565,10,OFFLINE/THETA-0.5
92654,3170937,11,OFFLINE/THETA-0.5
16485,214743,12,OFFLINE/THETA-0.5
16803,274870,13,OFFLINE/THETA-0.5
123581,4564587,14a,OFFLINE/THETA-0.5
84491,5816638,88,VANILLA
12051,1360768,90,VANILLA
12386,1411968,01,VANILLA
16948,1901056,02,VANILLA
10363,1205376,63,VANILLA
47914,5297792,64,VANILLA
24319,2971904,65,VANILLA
24781,2880896,66,VANILLA
40512,5044096,67,VANILLA
79458,9253531,03,VANILLA
95920,10448988,04,VANILLA
26387,3026688,05,VANILLA
16559,2001792,06,VANILLA
22628,2804608,07,VANILLA
9865,1139200,08,VANILLA
26195,2869760,09,VANILLA
14459,1648128,10,VANILLA
49706,5993856,11,VANILLA
18425,2277376,12,VANILLA
11203,1244032,13,VANILLA
124123,14700672,14a,VANILLA
165663,16333383,14b,VANILLA
13606,1343049,15,VANILLA
14682,1562843,16,VANILLA
31069,3735247,17,VANILLA
26254,3202432,18,VANILLA
11448,1373696,19,VANILLA
15397,1867776,20,VANILLA
5579,651648,21,VANILLA
6545,794112,22,VANILLA
66495,8116096,23a,VANILLA
80797,9911296,23b,VANILLA
25921,3030528,24a,VANILLA
20885,2436224,24b,VANILLA
29162,3563776,25,VANILLA
17120,2048256,26,VANILLA
13647,1647872,27,VANILLA
15900,1825408,28,VANILLA
32018,3940096,29,VANILLA
15325,1807616,30,VANILLA
19307,2113408,31,VANILLA
7985,906624,32,VANILLA
13456,1529600,33,VANILLA
10490,1247360,34,VANILLA
16434,1915904,35,VANILLA
15103,1817472,36,VANILLA
6043,695424,37,VANILLA
12925,1493760,38,VANILLA
21916,2711808,39a,VANILLA
22015,2728960,39b,VANILLA
17064,2068608,40,VANILLA
1208,110592,41,VANILLA
7940,949120,42,VANILLA
7773,925568,43,VANILLA
10375,1174016,44,VANILLA
14400,1740288,45,VANILLA
12987,1565056,46,VANILLA
39809,4848896,47,VANILLA
14598,1763200,48,VANILLA
20753,2353792,49,VANILLA
28244,3513856,50,VANILLA
13263,1591296,51,VANILLA
8240,998912,52,VANILLA
8077,951424,53,VANILLA
18778,2218496,54,VANILLA
6760,815232,55,VANILLA
13695,1559040,56,VANILLA
29301,3486336,57,VANILLA
25699,3071360,58,VANILLA
11730,1260416,59,VANILLA
15473,1713792,60,VANILLA
22985,2766720,61,VANILLA
15031,1828992,62,VANILLA
13872,1665792,68,VANILLA
14117,1641088,69,VANILLA
23006,2822016,70,VANILLA
14635,1707648,71,VANILLA
8748,1026176,73,VANILLA
31505,3639168,74,VANILLA
54440,6436736,75,VANILLA
12774,1475072,76,VANILLA
24367,2823296,77,VANILLA
60402,7454720,78,VANILLA
18628,2284288,79,VANILLA
32523,3796096,80,VANILLA
11490,1319040,81,VANILLA
6659,782208,82,VANILLA
11239,1233536,83,VANILLA
4642,501248,84,VANILLA
11555,1331200,85,VANILLA
6479,745472,86,VANILLA
14124,1649408,87,VANILLA
14880,1825536,89,VANILLA
11308,1276800,91,VANILLA
6897,766720,92,VANILLA
20193,2518912,93,VANILLA
11905,1412096,94,VANILLA
12946,1584512,96,VANILLA
11382,1370112,97,VANILLA
20443,2556928,98,VANILLA
22175,2733184,99,VANILLA
82701,5713458,88,VANILLA
12102,1365760,90,VANILLA
12088,1380096,01,VANILLA
16894,1901568,02,VANILLA
9935,1136000,63,VANILLA
47251,5282944,64,VANILLA
22448,2734592,65,VANILLA
23429,2665984,66,VANILLA
42927,5341824,67,VANILLA
14356,1759872,03,VANILLA
78262,9110400,04,VANILLA
31835,3690368,05,VANILLA
17909,2158464,06,VANILLA
22513,2794240,07,VANILLA
15230,1833344,08,VANILLA
24605,2692480,09,VANILLA
14829,1695616,10,VANILLA
46802,5643008,11,VANILLA
15203,1868032,12,VANILLA
10821,1256960,13,VANILLA
112704,13184256,14a,VANILLA
99258,11883008,14b,VANILLA
12572,1523328,15,VANILLA
15215,1828608,16,VANILLA
29463,3521280,17,VANILLA
23884,2913920,18,VANILLA
11224,1350912,19,VANILLA
15636,1934336,20,VANILLA
5277,608128,21,VANILLA
6119,741248,22,VANILLA
67085,8145920,23a,VANILLA
76795,9394816,23b,VANILLA
21501,2532352,24a,VANILLA
19958,2315904,24b,VANILLA
26254,3166336,25,VANILLA
20602,2551936,26,VANILLA
14108,1696384,27,VANILLA
15650,1793792,28,VANILLA
30214,3714816,29,VANILLA
13773,1597952,30,VANILLA
19755,2163584,31,VANILLA
8444,951168,32,VANILLA
13488,1534336,33,VANILLA
9947,1178112,34,VANILLA
16212,1915136,35,VANILLA
14384,1723776,36,VANILLA
5417,619776,37,VANILLA
12756,1463936,38,VANILLA
22750,2719616,39a,VANILLA
22429,2761728,39b,VANILLA
16389,1989504,40,VANILLA
1147,104192,41,VANILLA
7347,884480,42,VANILLA
8654,982784,43,VANILLA
10947,1217408,44,VANILLA
14690,1790976,45,VANILLA
12929,1550848,46,VANILLA
36508,4432128,47,VANILLA
12534,1511168,48,VANILLA
20189,2207744,49,VANILLA
24916,3085696,50,VANILLA
14371,1725056,51,VANILLA
7726,932480,52,VANILLA
9036,973568,53,VANILLA
17358,2027520,54,VANILLA
6995,845696,55,VANILLA
13511,1484800,56,VANILLA
25252,3012352,57,VANILLA
25438,3038336,58,VANILLA
11378,1314560,59,VANILLA
15014,1716992,60,VANILLA
21938,2638336,61,VANILLA
14756,1793280,62,VANILLA
12681,1504896,68,VANILLA
13252,1536640,69,VANILLA
23059,2828544,70,VANILLA
16173,1897984,71,VANILLA
8744,1027968,73,VANILLA
31159,3652992,74,VANILLA
47268,5534336,75,VANILLA
12691,1469056,76,VANILLA
22681,2558720,77,VANILLA
59429,7364352,78,VANILLA
15969,1946368,79,VANILLA
32145,3771520,80,VANILLA
11253,1274880,81,VANILLA
7551,895232,82,VANILLA
12098,1320832,83,VANILLA
5063,560640,84,VANILLA
10794,1243136,85,VANILLA
6137,715392,86,VANILLA
14209,1650816,87,VANILLA
13490,1637248,89,VANILLA
10337,1218304,91,VANILLA
7202,823680,92,VANILLA
20053,2500224,93,VANILLA
12260,1460352,94,VANILLA
13151,1609216,96,VANILLA
11125,1336448,97,VANILLA
21311,2664832,98,VANILLA
22550,2781312,99,VANILLA
471196,3613874,14b,CHERRYPICK
64332,331220,15,CHERRYPICK
56437,444204,16,CHERRYPICK
128879,806693,17,CHERRYPICK
74044,625085,18,CHERRYPICK
62834,309084,19,CHERRYPICK
52877,276035,20,CHERRYPICK
14401,57369,21,CHERRYPICK
22948,106416,22,CHERRYPICK
312965,2928152,23a,CHERRYPICK
308879,2720801,23b,CHERRYPICK
66942,358434,24a,CHERRYPICK
64968,360479,24b,CHERRYPICK
144688,987300,25,CHERRYPICK
68647,306580,26,CHERRYPICK
66790,314256,27,CHERRYPICK
42783,949457,28,CHERRYPICK
120898,758600,29,CHERRYPICK
19414,233992,30,CHERRYPICK
157833,678325,50,CHERRYPICK
78632,725787,51,CHERRYPICK
49107,189342,52,CHERRYPICK
42066,193166,53,CHERRYPICK
109553,902018,54,CHERRYPICK
45076,228617,55,CHERRYPICK
96556,440718,56,CHERRYPICK
102006,427394,57,CHERRYPICK
115258,1184146,58,CHERRYPICK
48339,314332,59,CHERRYPICK
68317,661034,60,CHERRYPICK
88061,472038,61,CHERRYPICK
28146,113847,62,CHERRYPICK
41868,182055,68,CHERRYPICK
62955,578677,69,CHERRYPICK
125981,983711,70,CHERRYPICK
48432,480726,71,CHERRYPICK
29522,136577,73,CHERRYPICK
143284,1052681,74,CHERRYPICK
125514,1404501,75,CHERRYPICK
34253,410942,76,CHERRYPICK
78428,1078604,31,CHERRYPICK
28312,214721,32,CHERRYPICK
67769,541409,33,CHERRYPICK
36306,175609,34,CHERRYPICK
70777,574888,35,CHERRYPICK
76200,351063,36,CHERRYPICK
30194,267429,37,CHERRYPICK
56583,645667,38,CHERRYPICK
59538,300961,39a,CHERRYPICK
53619,277497,39b,CHERRYPICK
46535,255893,40,CHERRYPICK
29805,2282,41,CHERRYPICK
46596,229990,42,CHERRYPICK
38421,181640,43,CHERRYPICK
33857,222971,44,CHERRYPICK
57348,263822,45,CHERRYPICK
45983,195451,46,CHERRYPICK
176296,724320,47,CHERRYPICK
63565,301710,48,CHERRYPICK
70672,760620,49,CHERRYPICK
108811,2591472,88,CHERRYPICK
13236,71086,90,CHERRYPICK
22680,162247,01,CHERRYPICK
36275,205621,02,CHERRYPICK
39222,185379,63,CHERRYPICK
107875,1279563,64,CHERRYPICK
92381,872743,65,CHERRYPICK
44665,266041,66,CHERRYPICK
304484,1394803,67,CHERRYPICK
48714,269388,03,CHERRYPICK
292006,3014398,04,CHERRYPICK
96358,1193685,05,CHERRYPICK
75435,485666,06,CHERRYPICK
114228,526810,07,CHERRYPICK
42011,195440,08,CHERRYPICK
29506,1474035,09,CHERRYPICK
52031,510600,10,CHERRYPICK
237171,1838109,11,CHERRYPICK
31877,157950,12,CHERRYPICK
54673,219589,13,CHERRYPICK
340451,3247036,14a,CHERRYPICK
108103,990136,77,CHERRYPICK
307055,2324439,78,CHERRYPICK
92837,402211,79,CHERRYPICK
86180,1029251,80,CHERRYPICK
21428,192750,81,CHERRYPICK
41112,340369,82,CHERRYPICK
25355,261836,83,CHERRYPICK
10265,73024,84,CHERRYPICK
27594,174797,85,CHERRYPICK
19407,98203,86,CHERRYPICK
62095,630785,87,CHERRYPICK
67380,383716,89,CHERRYPICK
17431,76099,91,CHERRYPICK
11973,99361,92,CHERRYPICK
84032,404047,93,CHERRYPICK
34142,368619,94,CHERRYPICK
21366,113307,96,CHERRYPICK
78806,523815,97,CHERRYPICK
99987,481110,98,CHERRYPICK
46588,197231,99,CHERRYPICK
103053,2556602,88,CHERRYPICK
13055,77120,90,CHERRYPICK
23100,162969,01,CHERRYPICK
43490,237010,02,CHERRYPICK
39304,205834,63,CHERRYPICK
94120,931650,64,CHERRYPICK
127827,920413,65,CHERRYPICK
44136,283107,66,CHERRYPICK
276295,1387577,67,CHERRYPICK
47053,254099,03,CHERRYPICK
373309,3530469,04,CHERRYPICK
104579,1091788,05,CHERRYPICK
81577,516673,06,CHERRYPICK
122739,532386,07,CHERRYPICK
38607,498270,08,CHERRYPICK
34798,1290312,09,CHERRYPICK
61977,609564,10,CHERRYPICK
280422,1908503,11,CHERRYPICK
37017,213963,12,CHERRYPICK
50478,222113,13,CHERRYPICK
338284,3071100,14a,CHERRYPICK
86315,1448632,31,CHERRYPICK
38652,283992,32,CHERRYPICK
71851,673922,33,CHERRYPICK
36839,174847,34,CHERRYPICK
72573,653680,35,CHERRYPICK
75950,346758,36,CHERRYPICK
26463,217736,37,CHERRYPICK
65547,609295,38,CHERRYPICK
51440,255532,39a,CHERRYPICK
53851,265951,39b,CHERRYPICK
37505,185805,40,CHERRYPICK
1847,1694,41,CHERRYPICK
38692,277635,42,CHERRYPICK
40467,194424,43,CHERRYPICK
30797,174195,44,CHERRYPICK
57340,256933,45,CHERRYPICK
45716,189166,46,CHERRYPICK
155125,776138,47,CHERRYPICK
61250,307552,48,CHERRYPICK
84242,1271657,49,CHERRYPICK
147582,705609,50,CHERRYPICK
80146,661361,51,CHERRYPICK
46157,249776,52,CHERRYPICK
38946,172344,53,CHERRYPICK
84236,655023,54,CHERRYPICK
46369,230782,55,CHERRYPICK
78240,731427,56,CHERRYPICK
100044,539083,57,CHERRYPICK
136202,1183503,58,CHERRYPICK
50563,288962,59,CHERRYPICK
70172,794263,60,CHERRYPICK
62513,505250,61,CHERRYPICK
29329,104507,62,CHERRYPICK
43345,196880,68,CHERRYPICK
55257,577814,69,CHERRYPICK
117314,981815,70,CHERRYPICK
67010,678063,71,CHERRYPICK
31032,162530,73,CHERRYPICK
164697,1117281,74,CHERRYPICK
145327,1531906,75,CHERRYPICK
33533,394169,76,CHERRYPICK
115912,1349872,77,CHERRYPICK
287811,2431112,78,CHERRYPICK
95110,425663,79,CHERRYPICK
80148,967996,80,CHERRYPICK
23241,193143,81,CHERRYPICK
32318,268565,82,CHERRYPICK
23241,335596,83,CHERRYPICK
9856,68680,84,CHERRYPICK
26488,149287,85,CHERRYPICK
19569,101788,86,CHERRYPICK
64723,648100,87,CHERRYPICK
69126,353901,89,CHERRYPICK
17610,105865,91,CHERRYPICK
13648,101296,92,CHERRYPICK
82265,633660,93,CHERRYPICK
29707,264118,94,CHERRYPICK
21616,104096,96,CHERRYPICK
76967,517654,97,CHERRYPICK
87935,518113,98,CHERRYPICK
45781,187554,99,CHERRYPICK
403151,3713271,14b,CHERRYPICK
64797,311770,15,CHERRYPICK
63193,642362,16,CHERRYPICK
139360,971707,17,CHERRYPICK
79208,630389,18,CHERRYPICK
60660,602954,19,CHERRYPICK
58509,290084,20,CHERRYPICK
15454,61233,21,CHERRYPICK
26470,106160,22,CHERRYPICK
285777,2688964,23a,CHERRYPICK
286397,2635171,23b,CHERRYPICK
69447,365685,24a,CHERRYPICK
67784,370622,24b,CHERRYPICK
122590,964131,25,CHERRYPICK
66576,307564,26,CHERRYPICK
67683,311432,27,CHERRYPICK
45878,985552,28,CHERRYPICK
121116,803223,29,CHERRYPICK
22190,237488,30,CHERRYPICK
162376,696055,50,CHERRYPICK
81340,763094,51,CHERRYPICK
47844,231068,52,CHERRYPICK
78167,182370,53,CHERRYPICK
90130,657004,54,CHERRYPICK
49800,210811,55,CHERRYPICK
70106,563767,56,CHERRYPICK
101894,418871,57,CHERRYPICK
145486,1239290,58,CHERRYPICK
47415,324372,59,CHERRYPICK
66664,716204,60,CHERRYPICK
63806,526240,61,CHERRYPICK
28575,111968,62,CHERRYPICK
43459,188809,68,CHERRYPICK
53560,499425,69,CHERRYPICK
119655,780376,70,CHERRYPICK
55836,533795,71,CHERRYPICK
31368,149594,73,CHERRYPICK
142308,1242455,74,CHERRYPICK
127335,1495945,75,CHERRYPICK
34624,414957,76,CHERRYPICK
109518,1101178,77,CHERRYPICK
283222,2244324,78,CHERRYPICK
99837,460644,79,CHERRYPICK
114188,990046,80,CHERRYPICK
23826,204174,81,CHERRYPICK
32541,276079,82,CHERRYPICK
27784,339941,83,CHERRYPICK
9998,73120,84,CHERRYPICK
23643,159747,85,CHERRYPICK
19981,88389,86,CHERRYPICK
68234,723065,87,CHERRYPICK
72523,380994,89,CHERRYPICK
20145,122058,91,CHERRYPICK
13497,101751,92,CHERRYPICK
85000,405979,93,CHERRYPICK
27102,214401,94,CHERRYPICK
24115,104389,96,CHERRYPICK
70365,467403,97,CHERRYPICK
94447,476240,98,CHERRYPICK
48187,190263,99,CHERRYPICK
105549,2444830,88,CHERRYPICK
15886,77783,90,CHERRYPICK
43245,149631,01,CHERRYPICK
40956,186685,02,CHERRYPICK
40137,169574,63,CHERRYPICK
101353,893076,64,CHERRYPICK
114425,854628,65,CHERRYPICK
44027,330373,66,CHERRYPICK
299190,1371094,67,CHERRYPICK
52067,259613,03,CHERRYPICK
351843,3513115,04,CHERRYPICK
85822,1108019,05,CHERRYPICK
93588,688581,06,CHERRYPICK
117698,512700,07,CHERRYPICK
41196,236434,08,CHERRYPICK
30360,1573132,09,CHERRYPICK
46120,518972,10,CHERRYPICK
234634,1854327,11,CHERRYPICK
31310,149600,12,CHERRYPICK
50781,369103,13,CHERRYPICK
344473,2790996,14a,CHERRYPICK
77925,1450614,31,CHERRYPICK
35008,269229,32,CHERRYPICK
75339,680111,33,CHERRYPICK
35286,170247,34,CHERRYPICK
66694,656865,35,CHERRYPICK
76580,325489,36,CHERRYPICK
18968,164042,37,CHERRYPICK
64226,650722,38,CHERRYPICK
54340,244938,39a,CHERRYPICK
51794,253953,39b,CHERRYPICK
40522,221595,40,CHERRYPICK
2446,1861,41,CHERRYPICK
47185,212003,42,CHERRYPICK
38425,174448,43,CHERRYPICK
30142,236119,44,CHERRYPICK
58428,256265,45,CHERRYPICK
42952,210515,46,CHERRYPICK
164150,773873,47,CHERRYPICK
57422,414268,48,CHERRYPICK
59330,716951,49,CHERRYPICK
394940,3793609,14b,CHERRYPICK
64068,329983,15,CHERRYPICK
47204,423642,16,CHERRYPICK
123187,797465,17,CHERRYPICK
75592,391712,18,CHERRYPICK
63702,298242,19,CHERRYPICK
56744,275617,20,CHERRYPICK
15193,52568,21,CHERRYPICK
22778,112220,22,CHERRYPICK
281494,2386656,23a,CHERRYPICK
309724,3110659,23b,CHERRYPICK
69914,353576,24a,CHERRYPICK
104433,379073,24b,CHERRYPICK
146434,939018,25,CHERRYPICK
68586,290898,26,CHERRYPICK
70100,302928,27,CHERRYPICK
43655,991924,28,CHERRYPICK
122236,736993,29,CHERRYPICK
21603,244535,30,CHERRYPICK
